REGION,SETTLEMENTDATE,TOTALDEMAND,RRP,PERIODTYPE
NSW1,"2015/08/01 00:30:00",8282.49,35.44,TRADE
NSW1,"2015/08/01 01:00:00",7994.62,34.93,TRADE
NSW1,"2015/08/01 01:30:00",7787.54,35.03,TRADE
NSW1,"2015/08/01 02:00:00",7480.16,33.9,TRADE
NSW1,"2015/08/01 02:30:00",7114.04,31.11,TRADE
NSW1,"2015/08/01 03:00:00",6821.66,29.08,TRADE
NSW1,"2015/08/01 03:30:00",6600.44,26.79,TRADE
NSW1,"2015/08/01 04:00:00",6452.65,22.33,TRADE
NSW1,"2015/08/01 04:30:00",6374.12,25.5,TRADE
NSW1,"2015/08/01 05:00:00",6363.59,25.4,TRADE
NSW1,"2015/08/01 05:30:00",6436.49,26.47,TRADE
NSW1,"2015/08/01 06:00:00",6623.82,25.45,TRADE
NSW1,"2015/08/01 06:30:00",6972.84,25.73,TRADE
NSW1,"2015/08/01 07:00:00",7359.41,27.69,TRADE
NSW1,"2015/08/01 07:30:00",7835.89,32.28,TRADE
NSW1,"2015/08/01 08:00:00",8299.81,35.52,TRADE
NSW1,"2015/08/01 08:30:00",8687.48,36.03,TRADE
NSW1,"2015/08/01 09:00:00",8861.03,35.93,TRADE
NSW1,"2015/08/01 09:30:00",8891.16,36.57,TRADE
NSW1,"2015/08/01 10:00:00",8632.71,35.38,TRADE
NSW1,"2015/08/01 10:30:00",8434.7,35.19,TRADE
NSW1,"2015/08/01 11:00:00",8201.96,35.01,TRADE
NSW1,"2015/08/01 11:30:00",7973.74,34.97,TRADE
NSW1,"2015/08/01 12:00:00",7814.97,34.96,TRADE
NSW1,"2015/08/01 12:30:00",7590.76,34.67,TRADE
NSW1,"2015/08/01 13:00:00",7507.37,34.89,TRADE
NSW1,"2015/08/01 13:30:00",7423.19,34.93,TRADE
NSW1,"2015/08/01 14:00:00",7330.37,34.79,TRADE
NSW1,"2015/08/01 14:30:00",7272.33,34.34,TRADE
NSW1,"2015/08/01 15:00:00",7276.92,31.75,TRADE
NSW1,"2015/08/01 15:30:00",7351.88,33.82,TRADE
NSW1,"2015/08/01 16:00:00",7509.67,34.99,TRADE
NSW1,"2015/08/01 16:30:00",7705.93,35.17,TRADE
NSW1,"2015/08/01 17:00:00",7951.24,35.44,TRADE
NSW1,"2015/08/01 17:30:00",8328.4,35.26,TRADE
NSW1,"2015/08/01 18:00:00",8944.31,36.27,TRADE
NSW1,"2015/08/01 18:30:00",9110.23,36.69,TRADE
NSW1,"2015/08/01 19:00:00",8986.45,35.52,TRADE
NSW1,"2015/08/01 19:30:00",8730.24,35.02,TRADE
NSW1,"2015/08/01 20:00:00",8577.31,35.02,TRADE
NSW1,"2015/08/01 20:30:00",8425.07,35.37,TRADE
NSW1,"2015/08/01 21:00:00",8340.09,35.02,TRADE
NSW1,"2015/08/01 21:30:00",8168.11,35.02,TRADE
NSW1,"2015/08/01 22:00:00",8062.4,35.34,TRADE
NSW1,"2015/08/01 22:30:00",8090.17,35.84,TRADE
NSW1,"2015/08/01 23:00:00",7900.26,35.17,TRADE
NSW1,"2015/08/01 23:30:00",7804.7,35.33,TRADE
NSW1,"2015/08/02 00:00:00",7603.37,35,TRADE
NSW1,"2015/08/02 00:30:00",7386.92,37.06,TRADE
NSW1,"2015/08/02 01:00:00",7180.52,35.59,TRADE
NSW1,"2015/08/02 01:30:00",7024.52,34.11,TRADE
NSW1,"2015/08/02 02:00:00",6813.1,32.49,TRADE
NSW1,"2015/08/02 02:30:00",6532.76,31.72,TRADE
NSW1,"2015/08/02 03:00:00",6351.62,29.46,TRADE
NSW1,"2015/08/02 03:30:00",6226.83,26.35,TRADE
NSW1,"2015/08/02 04:00:00",6110.11,24.9,TRADE
NSW1,"2015/08/02 04:30:00",5994.9,24.89,TRADE
NSW1,"2015/08/02 05:00:00",6061.15,25.43,TRADE
NSW1,"2015/08/02 05:30:00",6117.39,26,TRADE
NSW1,"2015/08/02 06:00:00",6206.32,25.34,TRADE
NSW1,"2015/08/02 06:30:00",6431.34,25.77,TRADE
NSW1,"2015/08/02 07:00:00",6664.41,25.46,TRADE
NSW1,"2015/08/02 07:30:00",6912.41,26.91,TRADE
NSW1,"2015/08/02 08:00:00",7386.27,29.68,TRADE
NSW1,"2015/08/02 08:30:00",7635.72,31.27,TRADE
NSW1,"2015/08/02 09:00:00",7805.12,32.65,TRADE
NSW1,"2015/08/02 09:30:00",7903.89,31.4,TRADE
NSW1,"2015/08/02 10:00:00",7860.01,30.73,TRADE
NSW1,"2015/08/02 10:30:00",7787.25,29.1,TRADE
NSW1,"2015/08/02 11:00:00",7525.3,25.47,TRADE
NSW1,"2015/08/02 11:30:00",7361.61,25.42,TRADE
NSW1,"2015/08/02 12:00:00",7310.78,25.46,TRADE
NSW1,"2015/08/02 12:30:00",7288.62,25.85,TRADE
NSW1,"2015/08/02 13:00:00",7218.04,25.46,TRADE
NSW1,"2015/08/02 13:30:00",7124.76,25.46,TRADE
NSW1,"2015/08/02 14:00:00",7067.03,25.45,TRADE
NSW1,"2015/08/02 14:30:00",7017.12,25.46,TRADE
NSW1,"2015/08/02 15:00:00",7067.52,25.46,TRADE
NSW1,"2015/08/02 15:30:00",7106.49,25.46,TRADE
NSW1,"2015/08/02 16:00:00",7219.04,25.97,TRADE
NSW1,"2015/08/02 16:30:00",7441.35,28.79,TRADE
NSW1,"2015/08/02 17:00:00",7623.78,30.06,TRADE
NSW1,"2015/08/02 17:30:00",8031.81,33.21,TRADE
NSW1,"2015/08/02 18:00:00",8698.97,37.01,TRADE
NSW1,"2015/08/02 18:30:00",8986.13,36.48,TRADE
NSW1,"2015/08/02 19:00:00",8890.29,35.5,TRADE
NSW1,"2015/08/02 19:30:00",8664.53,33.25,TRADE
NSW1,"2015/08/02 20:00:00",8497.36,31.87,TRADE
NSW1,"2015/08/02 20:30:00",8319.15,32.04,TRADE
NSW1,"2015/08/02 21:00:00",8171.92,31.52,TRADE
NSW1,"2015/08/02 21:30:00",7983.24,29.63,TRADE
NSW1,"2015/08/02 22:00:00",7786.42,28.56,TRADE
NSW1,"2015/08/02 22:30:00",7768.11,31.31,TRADE
NSW1,"2015/08/02 23:00:00",7532.29,25.85,TRADE
NSW1,"2015/08/02 23:30:00",7515.73,31.18,TRADE
NSW1,"2015/08/03 00:00:00",7333.04,29.3,TRADE
NSW1,"2015/08/03 00:30:00",7114.7,30.76,TRADE
NSW1,"2015/08/03 01:00:00",6980.01,30.16,TRADE
NSW1,"2015/08/03 01:30:00",6771.93,26.03,TRADE
NSW1,"2015/08/03 02:00:00",6648.04,23.14,TRADE
NSW1,"2015/08/03 02:30:00",6382.95,20.9,TRADE
NSW1,"2015/08/03 03:00:00",6233.37,15.82,TRADE
NSW1,"2015/08/03 03:30:00",6135.45,18.96,TRADE
NSW1,"2015/08/03 04:00:00",6049.34,18.19,TRADE
NSW1,"2015/08/03 04:30:00",6093.97,19.92,TRADE
NSW1,"2015/08/03 05:00:00",6206.24,20.24,TRADE
NSW1,"2015/08/03 05:30:00",6582.26,27.77,TRADE
NSW1,"2015/08/03 06:00:00",7046.6,27.65,TRADE
NSW1,"2015/08/03 06:30:00",7851.31,26.87,TRADE
NSW1,"2015/08/03 07:00:00",8580.59,39.81,TRADE
NSW1,"2015/08/03 07:30:00",9111.18,40.5,TRADE
NSW1,"2015/08/03 08:00:00",9460.03,50.38,TRADE
NSW1,"2015/08/03 08:30:00",9421.7,46.67,TRADE
NSW1,"2015/08/03 09:00:00",9191.66,35.34,TRADE
NSW1,"2015/08/03 09:30:00",9110.84,35.52,TRADE
NSW1,"2015/08/03 10:00:00",8909.3,35.54,TRADE
NSW1,"2015/08/03 10:30:00",8806.75,34.73,TRADE
NSW1,"2015/08/03 11:00:00",8666.34,32.73,TRADE
NSW1,"2015/08/03 11:30:00",8477.06,31.5,TRADE
NSW1,"2015/08/03 12:00:00",8333.47,31.62,TRADE
NSW1,"2015/08/03 12:30:00",8239.38,32.77,TRADE
NSW1,"2015/08/03 13:00:00",8200.99,32.61,TRADE
NSW1,"2015/08/03 13:30:00",8164.59,32.93,TRADE
NSW1,"2015/08/03 14:00:00",8141.05,34.44,TRADE
NSW1,"2015/08/03 14:30:00",8112.67,34.91,TRADE
NSW1,"2015/08/03 15:00:00",8125.74,34.97,TRADE
NSW1,"2015/08/03 15:30:00",8179.48,34.91,TRADE
NSW1,"2015/08/03 16:00:00",8301.67,34.9,TRADE
NSW1,"2015/08/03 16:30:00",8617.62,32.93,TRADE
NSW1,"2015/08/03 17:00:00",9061.56,35.25,TRADE
NSW1,"2015/08/03 17:30:00",9730.14,37.13,TRADE
NSW1,"2015/08/03 18:00:00",10514.23,73.32,TRADE
NSW1,"2015/08/03 18:30:00",10719.19,87.52,TRADE
NSW1,"2015/08/03 19:00:00",10606.34,64.74,TRADE
NSW1,"2015/08/03 19:30:00",10417.66,47.23,TRADE
NSW1,"2015/08/03 20:00:00",10277.38,44.41,TRADE
NSW1,"2015/08/03 20:30:00",10046.92,37.77,TRADE
NSW1,"2015/08/03 21:00:00",9808.25,35.85,TRADE
NSW1,"2015/08/03 21:30:00",9570.36,35.26,TRADE
NSW1,"2015/08/03 22:00:00",9193.94,31.66,TRADE
NSW1,"2015/08/03 22:30:00",9107.9,35.58,TRADE
NSW1,"2015/08/03 23:00:00",8805.54,32.62,TRADE
NSW1,"2015/08/03 23:30:00",8629.9,34.53,TRADE
NSW1,"2015/08/04 00:00:00",8541.07,34.71,TRADE
NSW1,"2015/08/04 00:30:00",8314.83,35.35,TRADE
NSW1,"2015/08/04 01:00:00",8097.24,35.79,TRADE
NSW1,"2015/08/04 01:30:00",7920.59,35.16,TRADE
NSW1,"2015/08/04 02:00:00",7696.77,35.1,TRADE
NSW1,"2015/08/04 02:30:00",7417.98,36.06,TRADE
NSW1,"2015/08/04 03:00:00",7152.74,35.34,TRADE
NSW1,"2015/08/04 03:30:00",6973.89,35.06,TRADE
NSW1,"2015/08/04 04:00:00",6860.58,34.77,TRADE
NSW1,"2015/08/04 04:30:00",6871.4,34.3,TRADE
NSW1,"2015/08/04 05:00:00",7004.23,35.23,TRADE
NSW1,"2015/08/04 05:30:00",7339.45,38.54,TRADE
NSW1,"2015/08/04 06:00:00",7867.01,36.28,TRADE
NSW1,"2015/08/04 06:30:00",8707.87,31.47,TRADE
NSW1,"2015/08/04 07:00:00",9592.85,36.69,TRADE
NSW1,"2015/08/04 07:30:00",10114.16,53.11,TRADE
NSW1,"2015/08/04 08:00:00",10493.85,67.23,TRADE
NSW1,"2015/08/04 08:30:00",10439.17,41.45,TRADE
NSW1,"2015/08/04 09:00:00",10155.51,36.65,TRADE
NSW1,"2015/08/04 09:30:00",9992.48,40.63,TRADE
NSW1,"2015/08/04 10:00:00",9913.04,42.12,TRADE
NSW1,"2015/08/04 10:30:00",9722.49,35.48,TRADE
NSW1,"2015/08/04 11:00:00",9483.1,35.76,TRADE
NSW1,"2015/08/04 11:30:00",9277.84,36.58,TRADE
NSW1,"2015/08/04 12:00:00",9129.5,36.01,TRADE
NSW1,"2015/08/04 12:30:00",9016.65,35.96,TRADE
NSW1,"2015/08/04 13:00:00",8930.85,35.92,TRADE
NSW1,"2015/08/04 13:30:00",8862.36,34.1,TRADE
NSW1,"2015/08/04 14:00:00",8774.81,34.35,TRADE
NSW1,"2015/08/04 14:30:00",8731.79,35.12,TRADE
NSW1,"2015/08/04 15:00:00",8637.77,35.21,TRADE
NSW1,"2015/08/04 15:30:00",8652.59,34.13,TRADE
NSW1,"2015/08/04 16:00:00",8862.57,37,TRADE
NSW1,"2015/08/04 16:30:00",9197.59,38.46,TRADE
NSW1,"2015/08/04 17:00:00",9625.51,37.83,TRADE
NSW1,"2015/08/04 17:30:00",10317.26,42.95,TRADE
NSW1,"2015/08/04 18:00:00",11160.69,60,TRADE
NSW1,"2015/08/04 18:30:00",11463.39,65.98,TRADE
NSW1,"2015/08/04 19:00:00",11414.66,61.15,TRADE
NSW1,"2015/08/04 19:30:00",11250.21,55.95,TRADE
NSW1,"2015/08/04 20:00:00",11032.95,46.82,TRADE
NSW1,"2015/08/04 20:30:00",10884.95,43.95,TRADE
NSW1,"2015/08/04 21:00:00",10677.44,46.84,TRADE
NSW1,"2015/08/04 21:30:00",10305.34,37.51,TRADE
NSW1,"2015/08/04 22:00:00",9846.95,33.38,TRADE
NSW1,"2015/08/04 22:30:00",9656.04,36.59,TRADE
NSW1,"2015/08/04 23:00:00",9196.1,31.24,TRADE
NSW1,"2015/08/04 23:30:00",8991.98,34.83,TRADE
NSW1,"2015/08/05 00:00:00",8769.83,33.48,TRADE
NSW1,"2015/08/05 00:30:00",8526.54,36.03,TRADE
NSW1,"2015/08/05 01:00:00",8330.48,37.3,TRADE
NSW1,"2015/08/05 01:30:00",8129.46,36.23,TRADE
NSW1,"2015/08/05 02:00:00",7830.9,34.24,TRADE
NSW1,"2015/08/05 02:30:00",7549.06,34.08,TRADE
NSW1,"2015/08/05 03:00:00",7225.01,29.45,TRADE
NSW1,"2015/08/05 03:30:00",6965.28,27.58,TRADE
NSW1,"2015/08/05 04:00:00",6883.11,26.18,TRADE
NSW1,"2015/08/05 04:30:00",6844.31,26.21,TRADE
NSW1,"2015/08/05 05:00:00",6958.08,29.17,TRADE
NSW1,"2015/08/05 05:30:00",7281.26,32.1,TRADE
NSW1,"2015/08/05 06:00:00",7804.14,39.22,TRADE
NSW1,"2015/08/05 06:30:00",8690.04,27.27,TRADE
NSW1,"2015/08/05 07:00:00",9599.87,41.87,TRADE
NSW1,"2015/08/05 07:30:00",10207.77,45.32,TRADE
NSW1,"2015/08/05 08:00:00",10556.29,63.41,TRADE
NSW1,"2015/08/05 08:30:00",10522.15,50.35,TRADE
NSW1,"2015/08/05 09:00:00",10273.17,45.22,TRADE
NSW1,"2015/08/05 09:30:00",10165.29,46.87,TRADE
NSW1,"2015/08/05 10:00:00",10042.77,43.84,TRADE
NSW1,"2015/08/05 10:30:00",9954.47,44.42,TRADE
NSW1,"2015/08/05 11:00:00",9916.19,38.51,TRADE
NSW1,"2015/08/05 11:30:00",9731.41,37.05,TRADE
NSW1,"2015/08/05 12:00:00",9653.63,38.6,TRADE
NSW1,"2015/08/05 12:30:00",9584.14,38.33,TRADE
NSW1,"2015/08/05 13:00:00",9541.49,41.78,TRADE
NSW1,"2015/08/05 13:30:00",9501.3,41.09,TRADE
NSW1,"2015/08/05 14:00:00",9396.54,41.11,TRADE
NSW1,"2015/08/05 14:30:00",9395.38,41.96,TRADE
NSW1,"2015/08/05 15:00:00",9334.53,37.11,TRADE
NSW1,"2015/08/05 15:30:00",9313.16,38.49,TRADE
NSW1,"2015/08/05 16:00:00",9462.08,42.23,TRADE
NSW1,"2015/08/05 16:30:00",9694.86,40.37,TRADE
NSW1,"2015/08/05 17:00:00",10066.51,45.13,TRADE
NSW1,"2015/08/05 17:30:00",10724.16,70.44,TRADE
NSW1,"2015/08/05 18:00:00",11550.46,97.06,TRADE
NSW1,"2015/08/05 18:30:00",11755.17,103.81,TRADE
NSW1,"2015/08/05 19:00:00",11753.02,111.64,TRADE
NSW1,"2015/08/05 19:30:00",11450.06,66.68,TRADE
NSW1,"2015/08/05 20:00:00",11268.29,66.32,TRADE
NSW1,"2015/08/05 20:30:00",11135.34,63.83,TRADE
NSW1,"2015/08/05 21:00:00",10850.65,52.43,TRADE
NSW1,"2015/08/05 21:30:00",10459.38,45.48,TRADE
NSW1,"2015/08/05 22:00:00",9980.74,36.34,TRADE
NSW1,"2015/08/05 22:30:00",9739.78,43.29,TRADE
NSW1,"2015/08/05 23:00:00",9346.45,39.72,TRADE
NSW1,"2015/08/05 23:30:00",9018.67,35.19,TRADE
NSW1,"2015/08/06 00:00:00",8777.59,35.26,TRADE
NSW1,"2015/08/06 00:30:00",8519.5,35.78,TRADE
NSW1,"2015/08/06 01:00:00",8324.85,36.03,TRADE
NSW1,"2015/08/06 01:30:00",8180.63,36.25,TRADE
NSW1,"2015/08/06 02:00:00",7914.74,35.51,TRADE
NSW1,"2015/08/06 02:30:00",7543.61,36.02,TRADE
NSW1,"2015/08/06 03:00:00",7248.51,35.91,TRADE
NSW1,"2015/08/06 03:30:00",7017.55,35.52,TRADE
NSW1,"2015/08/06 04:00:00",6893.29,35.14,TRADE
NSW1,"2015/08/06 04:30:00",6887.76,35.83,TRADE
NSW1,"2015/08/06 05:00:00",7019.38,35.59,TRADE
NSW1,"2015/08/06 05:30:00",7402.39,40.24,TRADE
NSW1,"2015/08/06 06:00:00",7889.76,39.78,TRADE
NSW1,"2015/08/06 06:30:00",8803.39,32.9,TRADE
NSW1,"2015/08/06 07:00:00",9682.35,96.19,TRADE
NSW1,"2015/08/06 07:30:00",10242.21,77.07,TRADE
NSW1,"2015/08/06 08:00:00",10582.01,111.5,TRADE
NSW1,"2015/08/06 08:30:00",10531.85,75.29,TRADE
NSW1,"2015/08/06 09:00:00",10218.37,53.44,TRADE
NSW1,"2015/08/06 09:30:00",10005.91,53.15,TRADE
NSW1,"2015/08/06 10:00:00",9750.61,41.96,TRADE
NSW1,"2015/08/06 10:30:00",9536.27,37.99,TRADE
NSW1,"2015/08/06 11:00:00",9357.84,37.96,TRADE
NSW1,"2015/08/06 11:30:00",9095.24,35.02,TRADE
NSW1,"2015/08/06 12:00:00",8929.77,35.35,TRADE
NSW1,"2015/08/06 12:30:00",8792.06,36,TRADE
NSW1,"2015/08/06 13:00:00",8684.78,33.04,TRADE
NSW1,"2015/08/06 13:30:00",8656.51,34.58,TRADE
NSW1,"2015/08/06 14:00:00",8638.31,34.9,TRADE
NSW1,"2015/08/06 14:30:00",8647.27,34.23,TRADE
NSW1,"2015/08/06 15:00:00",8670.77,34.31,TRADE
NSW1,"2015/08/06 15:30:00",8713.88,35.11,TRADE
NSW1,"2015/08/06 16:00:00",8869.99,35.78,TRADE
NSW1,"2015/08/06 16:30:00",9123.18,37.55,TRADE
NSW1,"2015/08/06 17:00:00",9596.55,39.19,TRADE
NSW1,"2015/08/06 17:30:00",10231.06,55.28,TRADE
NSW1,"2015/08/06 18:00:00",11106.58,99.9,TRADE
NSW1,"2015/08/06 18:30:00",11350.8,65.53,TRADE
NSW1,"2015/08/06 19:00:00",11426.1,97.86,TRADE
NSW1,"2015/08/06 19:30:00",11251.99,81.63,TRADE
NSW1,"2015/08/06 20:00:00",11105.95,53.51,TRADE
NSW1,"2015/08/06 20:30:00",10995.95,69.8,TRADE
NSW1,"2015/08/06 21:00:00",10753.84,52.75,TRADE
NSW1,"2015/08/06 21:30:00",10471.1,40.28,TRADE
NSW1,"2015/08/06 22:00:00",10042.46,35.03,TRADE
NSW1,"2015/08/06 22:30:00",9876.48,39.34,TRADE
NSW1,"2015/08/06 23:00:00",9429.93,35.49,TRADE
NSW1,"2015/08/06 23:30:00",9212.18,37.98,TRADE
NSW1,"2015/08/07 00:00:00",9005.4,34.15,TRADE
NSW1,"2015/08/07 00:30:00",8700.56,36.03,TRADE
NSW1,"2015/08/07 01:00:00",8430.38,36.03,TRADE
NSW1,"2015/08/07 01:30:00",8242.74,35.85,TRADE
NSW1,"2015/08/07 02:00:00",8005.77,35.46,TRADE
NSW1,"2015/08/07 02:30:00",7656.25,36.03,TRADE
NSW1,"2015/08/07 03:00:00",7387.47,36.01,TRADE
NSW1,"2015/08/07 03:30:00",7162.4,35.14,TRADE
NSW1,"2015/08/07 04:00:00",7034.85,35.31,TRADE
NSW1,"2015/08/07 04:30:00",7045.98,36.3,TRADE
NSW1,"2015/08/07 05:00:00",7145.25,37.42,TRADE
NSW1,"2015/08/07 05:30:00",7531.78,43.56,TRADE
NSW1,"2015/08/07 06:00:00",7965.53,32.76,TRADE
NSW1,"2015/08/07 06:30:00",8892.68,32.56,TRADE
NSW1,"2015/08/07 07:00:00",9789.14,89.52,TRADE
NSW1,"2015/08/07 07:30:00",10345.71,46.29,TRADE
NSW1,"2015/08/07 08:00:00",10700.92,82.47,TRADE
NSW1,"2015/08/07 08:30:00",10635.42,60.93,TRADE
NSW1,"2015/08/07 09:00:00",10320.61,43.15,TRADE
NSW1,"2015/08/07 09:30:00",10136.11,41.82,TRADE
NSW1,"2015/08/07 10:00:00",9869.9,35.5,TRADE
NSW1,"2015/08/07 10:30:00",9639.9,35.14,TRADE
NSW1,"2015/08/07 11:00:00",9328.81,34.78,TRADE
NSW1,"2015/08/07 11:30:00",9073.4,34.98,TRADE
NSW1,"2015/08/07 12:00:00",8886.44,35,TRADE
NSW1,"2015/08/07 12:30:00",8727.94,34.97,TRADE
NSW1,"2015/08/07 13:00:00",8563.24,33.68,TRADE
NSW1,"2015/08/07 13:30:00",8477.31,33.7,TRADE
NSW1,"2015/08/07 14:00:00",8406.68,32.85,TRADE
NSW1,"2015/08/07 14:30:00",8355.11,34.27,TRADE
NSW1,"2015/08/07 15:00:00",8315.78,34.14,TRADE
NSW1,"2015/08/07 15:30:00",8377.06,34.74,TRADE
NSW1,"2015/08/07 16:00:00",8555.26,34.98,TRADE
NSW1,"2015/08/07 16:30:00",8831.18,35.31,TRADE
NSW1,"2015/08/07 17:00:00",9213.85,36.46,TRADE
NSW1,"2015/08/07 17:30:00",9807.6,36.66,TRADE
NSW1,"2015/08/07 18:00:00",10548.91,66.32,TRADE
NSW1,"2015/08/07 18:30:00",10777.3,48.1,TRADE
NSW1,"2015/08/07 19:00:00",10767.19,48.71,TRADE
NSW1,"2015/08/07 19:30:00",10579.27,48.33,TRADE
NSW1,"2015/08/07 20:00:00",10452.96,43.63,TRADE
NSW1,"2015/08/07 20:30:00",10313.2,41.68,TRADE
NSW1,"2015/08/07 21:00:00",10161.38,40.63,TRADE
NSW1,"2015/08/07 21:30:00",9964.34,35.8,TRADE
NSW1,"2015/08/07 22:00:00",9707.3,35.77,TRADE
NSW1,"2015/08/07 22:30:00",9671.32,44.6,TRADE
NSW1,"2015/08/07 23:00:00",9361.99,38.3,TRADE
NSW1,"2015/08/07 23:30:00",9211.07,40.04,TRADE
NSW1,"2015/08/08 00:00:00",9078.45,41.42,TRADE
NSW1,"2015/08/08 00:30:00",8760.7,39,TRADE
NSW1,"2015/08/08 01:00:00",8547.7,38.03,TRADE
NSW1,"2015/08/08 01:30:00",8296.17,38.35,TRADE
NSW1,"2015/08/08 02:00:00",8032.59,35.08,TRADE
NSW1,"2015/08/08 02:30:00",7595.2,35.11,TRADE
NSW1,"2015/08/08 03:00:00",7299.71,35.35,TRADE
NSW1,"2015/08/08 03:30:00",7027.75,35.19,TRADE
NSW1,"2015/08/08 04:00:00",6874.7,33.08,TRADE
NSW1,"2015/08/08 04:30:00",6780.24,34.95,TRADE
NSW1,"2015/08/08 05:00:00",6804.24,35.3,TRADE
NSW1,"2015/08/08 05:30:00",6869.57,34.95,TRADE
NSW1,"2015/08/08 06:00:00",7035.32,35.73,TRADE
NSW1,"2015/08/08 06:30:00",7441.5,35.98,TRADE
NSW1,"2015/08/08 07:00:00",7776.07,35.52,TRADE
NSW1,"2015/08/08 07:30:00",8302.4,35.88,TRADE
NSW1,"2015/08/08 08:00:00",8850.47,39.1,TRADE
NSW1,"2015/08/08 08:30:00",9211.73,42.05,TRADE
NSW1,"2015/08/08 09:00:00",9267.31,40.98,TRADE
NSW1,"2015/08/08 09:30:00",9265.41,41.15,TRADE
NSW1,"2015/08/08 10:00:00",9015.45,38.83,TRADE
NSW1,"2015/08/08 10:30:00",8812.99,36.44,TRADE
NSW1,"2015/08/08 11:00:00",8521.53,36.55,TRADE
NSW1,"2015/08/08 11:30:00",8277.03,36.02,TRADE
NSW1,"2015/08/08 12:00:00",8108.03,35.95,TRADE
NSW1,"2015/08/08 12:30:00",7918.58,35.64,TRADE
NSW1,"2015/08/08 13:00:00",7798.7,35.15,TRADE
NSW1,"2015/08/08 13:30:00",7732.37,35.16,TRADE
NSW1,"2015/08/08 14:00:00",7643.61,35,TRADE
NSW1,"2015/08/08 14:30:00",7597.13,35,TRADE
NSW1,"2015/08/08 15:00:00",7599.28,34.98,TRADE
NSW1,"2015/08/08 15:30:00",7684.39,35.9,TRADE
NSW1,"2015/08/08 16:00:00",7884.54,36.31,TRADE
NSW1,"2015/08/08 16:30:00",8178.81,36.17,TRADE
NSW1,"2015/08/08 17:00:00",8564.33,35.8,TRADE
NSW1,"2015/08/08 17:30:00",9117.55,38.31,TRADE
NSW1,"2015/08/08 18:00:00",9925.45,66.37,TRADE
NSW1,"2015/08/08 18:30:00",10186.65,93.18,TRADE
NSW1,"2015/08/08 19:00:00",10126.26,72.29,TRADE
NSW1,"2015/08/08 19:30:00",9938.36,45.22,TRADE
NSW1,"2015/08/08 20:00:00",9726,38.71,TRADE
NSW1,"2015/08/08 20:30:00",9622.02,35.95,TRADE
NSW1,"2015/08/08 21:00:00",9436.49,36.01,TRADE
NSW1,"2015/08/08 21:30:00",9361.76,36.07,TRADE
NSW1,"2015/08/08 22:00:00",9139.36,36.03,TRADE
NSW1,"2015/08/08 22:30:00",9076.61,36.06,TRADE
NSW1,"2015/08/08 23:00:00",8841.14,36.23,TRADE
NSW1,"2015/08/08 23:30:00",8699.28,35.83,TRADE
NSW1,"2015/08/09 00:00:00",8458.28,35.75,TRADE
NSW1,"2015/08/09 00:30:00",8158.53,36.03,TRADE
NSW1,"2015/08/09 01:00:00",7876.12,36.03,TRADE
NSW1,"2015/08/09 01:30:00",7594.07,34.56,TRADE
NSW1,"2015/08/09 02:00:00",7364.08,35.92,TRADE
NSW1,"2015/08/09 02:30:00",7062.05,35.97,TRADE
NSW1,"2015/08/09 03:00:00",6829.94,34.46,TRADE
NSW1,"2015/08/09 03:30:00",6625.65,31.57,TRADE
NSW1,"2015/08/09 04:00:00",6580.1,32.68,TRADE
NSW1,"2015/08/09 04:30:00",6518.35,31.67,TRADE
NSW1,"2015/08/09 05:00:00",6559.33,31.03,TRADE
NSW1,"2015/08/09 05:30:00",6648.56,33.1,TRADE
NSW1,"2015/08/09 06:00:00",6805.89,35.09,TRADE
NSW1,"2015/08/09 06:30:00",7119.66,36.88,TRADE
NSW1,"2015/08/09 07:00:00",7395.05,35.07,TRADE
NSW1,"2015/08/09 07:30:00",7809.3,34.24,TRADE
NSW1,"2015/08/09 08:00:00",8254.77,36.26,TRADE
NSW1,"2015/08/09 08:30:00",8655.16,35.77,TRADE
NSW1,"2015/08/09 09:00:00",8833.38,36.35,TRADE
NSW1,"2015/08/09 09:30:00",8823.07,37.19,TRADE
NSW1,"2015/08/09 10:00:00",8710.57,36.01,TRADE
NSW1,"2015/08/09 10:30:00",8515.64,35.71,TRADE
NSW1,"2015/08/09 11:00:00",8227.48,32.97,TRADE
NSW1,"2015/08/09 11:30:00",8005.41,32.01,TRADE
NSW1,"2015/08/09 12:00:00",7789.48,32.49,TRADE
NSW1,"2015/08/09 12:30:00",7628.43,32.01,TRADE
NSW1,"2015/08/09 13:00:00",7520.46,32.18,TRADE
NSW1,"2015/08/09 13:30:00",7414.33,32.01,TRADE
NSW1,"2015/08/09 14:00:00",7328.13,31.96,TRADE
NSW1,"2015/08/09 14:30:00",7342.5,33.48,TRADE
NSW1,"2015/08/09 15:00:00",7397.59,32.52,TRADE
NSW1,"2015/08/09 15:30:00",7522.85,32.52,TRADE
NSW1,"2015/08/09 16:00:00",7719.41,34.86,TRADE
NSW1,"2015/08/09 16:30:00",8051.13,35.46,TRADE
NSW1,"2015/08/09 17:00:00",8495.52,37.01,TRADE
NSW1,"2015/08/09 17:30:00",9032.25,39.76,TRADE
NSW1,"2015/08/09 18:00:00",9890.69,98.21,TRADE
NSW1,"2015/08/09 18:30:00",10250.05,74.75,TRADE
NSW1,"2015/08/09 19:00:00",10247.72,46.78,TRADE
NSW1,"2015/08/09 19:30:00",10084.41,36.35,TRADE
NSW1,"2015/08/09 20:00:00",9863.33,34.96,TRADE
NSW1,"2015/08/09 20:30:00",9698.3,35.71,TRADE
NSW1,"2015/08/09 21:00:00",9475.6,35.3,TRADE
NSW1,"2015/08/09 21:30:00",9195.18,34.69,TRADE
NSW1,"2015/08/09 22:00:00",8847.75,35.14,TRADE
NSW1,"2015/08/09 22:30:00",8639.9,37.13,TRADE
NSW1,"2015/08/09 23:00:00",8255.31,33.54,TRADE
NSW1,"2015/08/09 23:30:00",8035.28,35.47,TRADE
NSW1,"2015/08/10 00:00:00",7859.29,36.19,TRADE
NSW1,"2015/08/10 00:30:00",7598.07,34.85,TRADE
NSW1,"2015/08/10 01:00:00",7447.04,34.58,TRADE
NSW1,"2015/08/10 01:30:00",7262.12,32.92,TRADE
NSW1,"2015/08/10 02:00:00",7077.83,31.91,TRADE
NSW1,"2015/08/10 02:30:00",6795.89,32.01,TRADE
NSW1,"2015/08/10 03:00:00",6589.01,31.69,TRADE
NSW1,"2015/08/10 03:30:00",6480.57,31.56,TRADE
NSW1,"2015/08/10 04:00:00",6400.54,30.78,TRADE
NSW1,"2015/08/10 04:30:00",6425.67,27.28,TRADE
NSW1,"2015/08/10 05:00:00",6583.69,28.91,TRADE
NSW1,"2015/08/10 05:30:00",6934.01,33.6,TRADE
NSW1,"2015/08/10 06:00:00",7427.96,25.37,TRADE
NSW1,"2015/08/10 06:30:00",8322.77,23.65,TRADE
NSW1,"2015/08/10 07:00:00",9124.85,42.88,TRADE
NSW1,"2015/08/10 07:30:00",9664.62,42.33,TRADE
NSW1,"2015/08/10 08:00:00",9951.1,52.05,TRADE
NSW1,"2015/08/10 08:30:00",9906.31,42.68,TRADE
NSW1,"2015/08/10 09:00:00",9630.12,36.8,TRADE
NSW1,"2015/08/10 09:30:00",9471.63,35.85,TRADE
NSW1,"2015/08/10 10:00:00",9205.94,33.15,TRADE
NSW1,"2015/08/10 10:30:00",8991.15,31.2,TRADE
NSW1,"2015/08/10 11:00:00",8806.89,29.48,TRADE
NSW1,"2015/08/10 11:30:00",8551.38,28.54,TRADE
NSW1,"2015/08/10 12:00:00",8429.16,28.6,TRADE
NSW1,"2015/08/10 12:30:00",8351.6,29.62,TRADE
NSW1,"2015/08/10 13:00:00",8268.21,29.07,TRADE
NSW1,"2015/08/10 13:30:00",8199.58,30.08,TRADE
NSW1,"2015/08/10 14:00:00",8106.3,31.27,TRADE
NSW1,"2015/08/10 14:30:00",8068.31,30.35,TRADE
NSW1,"2015/08/10 15:00:00",8043.17,29.89,TRADE
NSW1,"2015/08/10 15:30:00",8075.96,30.34,TRADE
NSW1,"2015/08/10 16:00:00",8211.88,32.63,TRADE
NSW1,"2015/08/10 16:30:00",8458.71,31.88,TRADE
NSW1,"2015/08/10 17:00:00",8838.24,34.01,TRADE
NSW1,"2015/08/10 17:30:00",9385.31,34.05,TRADE
NSW1,"2015/08/10 18:00:00",10172.11,57.45,TRADE
NSW1,"2015/08/10 18:30:00",10508.45,52.89,TRADE
NSW1,"2015/08/10 19:00:00",10485.32,43.66,TRADE
NSW1,"2015/08/10 19:30:00",10294.53,35.34,TRADE
NSW1,"2015/08/10 20:00:00",10055.15,35.49,TRADE
NSW1,"2015/08/10 20:30:00",9853.91,37.34,TRADE
NSW1,"2015/08/10 21:00:00",9628.53,35.78,TRADE
NSW1,"2015/08/10 21:30:00",9283.93,33.57,TRADE
NSW1,"2015/08/10 22:00:00",8897.91,29.44,TRADE
NSW1,"2015/08/10 22:30:00",8801.45,29.75,TRADE
NSW1,"2015/08/10 23:00:00",8466.98,29.29,TRADE
NSW1,"2015/08/10 23:30:00",8300.35,30.53,TRADE
NSW1,"2015/08/11 00:00:00",8258.35,30.42,TRADE
NSW1,"2015/08/11 00:30:00",8122.02,30.07,TRADE
NSW1,"2015/08/11 01:00:00",7813.05,33.38,TRADE
NSW1,"2015/08/11 01:30:00",7676.14,35.24,TRADE
NSW1,"2015/08/11 02:00:00",7423.76,32.11,TRADE
NSW1,"2015/08/11 02:30:00",7089.07,30.76,TRADE
NSW1,"2015/08/11 03:00:00",6862.6,30.19,TRADE
NSW1,"2015/08/11 03:30:00",6676.52,29.86,TRADE
NSW1,"2015/08/11 04:00:00",6571.93,28.89,TRADE
NSW1,"2015/08/11 04:30:00",6587.54,29.64,TRADE
NSW1,"2015/08/11 05:00:00",6719.02,30.46,TRADE
NSW1,"2015/08/11 05:30:00",7061.16,33.65,TRADE
NSW1,"2015/08/11 06:00:00",7554.4,28.08,TRADE
NSW1,"2015/08/11 06:30:00",8475.48,24.55,TRADE
NSW1,"2015/08/11 07:00:00",9318.25,35.96,TRADE
NSW1,"2015/08/11 07:30:00",9798.73,37.11,TRADE
NSW1,"2015/08/11 08:00:00",9951.13,36.79,TRADE
NSW1,"2015/08/11 08:30:00",9790.91,35.9,TRADE
NSW1,"2015/08/11 09:00:00",9421.33,34.99,TRADE
NSW1,"2015/08/11 09:30:00",9176.03,35.04,TRADE
NSW1,"2015/08/11 10:00:00",8946.32,31.92,TRADE
NSW1,"2015/08/11 10:30:00",8735.97,31.38,TRADE
NSW1,"2015/08/11 11:00:00",8532.37,31.41,TRADE
NSW1,"2015/08/11 11:30:00",8319.99,28.06,TRADE
NSW1,"2015/08/11 12:00:00",8186.54,26.61,TRADE
NSW1,"2015/08/11 12:30:00",8110.29,32.47,TRADE
NSW1,"2015/08/11 13:00:00",8055.43,30.12,TRADE
NSW1,"2015/08/11 13:30:00",7967.55,30.15,TRADE
NSW1,"2015/08/11 14:00:00",7989.68,33.91,TRADE
NSW1,"2015/08/11 14:30:00",7971.23,34.93,TRADE
NSW1,"2015/08/11 15:00:00",7965.89,34.29,TRADE
NSW1,"2015/08/11 15:30:00",8032.25,34.56,TRADE
NSW1,"2015/08/11 16:00:00",8217.32,32.06,TRADE
NSW1,"2015/08/11 16:30:00",8448.76,34.15,TRADE
NSW1,"2015/08/11 17:00:00",8774.96,34.49,TRADE
NSW1,"2015/08/11 17:30:00",9280.02,37.56,TRADE
NSW1,"2015/08/11 18:00:00",10070.09,67.61,TRADE
NSW1,"2015/08/11 18:30:00",10389.52,62.71,TRADE
NSW1,"2015/08/11 19:00:00",10431.6,44.92,TRADE
NSW1,"2015/08/11 19:30:00",10238.29,39.46,TRADE
NSW1,"2015/08/11 20:00:00",10119.06,35.76,TRADE
NSW1,"2015/08/11 20:30:00",9937.48,35.45,TRADE
NSW1,"2015/08/11 21:00:00",9722.64,34.97,TRADE
NSW1,"2015/08/11 21:30:00",9456.62,34.86,TRADE
NSW1,"2015/08/11 22:00:00",9107.46,34.9,TRADE
NSW1,"2015/08/11 22:30:00",9067.07,39.94,TRADE
NSW1,"2015/08/11 23:00:00",8752.43,34.65,TRADE
NSW1,"2015/08/11 23:30:00",8619.96,35.39,TRADE
NSW1,"2015/08/12 00:00:00",8436.45,35.36,TRADE
NSW1,"2015/08/12 00:30:00",8249.83,36.22,TRADE
NSW1,"2015/08/12 01:00:00",8047.15,36.02,TRADE
NSW1,"2015/08/12 01:30:00",7860.88,39.51,TRADE
NSW1,"2015/08/12 02:00:00",7653.42,35.03,TRADE
NSW1,"2015/08/12 02:30:00",7338.84,34.82,TRADE
NSW1,"2015/08/12 03:00:00",7014.74,34.31,TRADE
NSW1,"2015/08/12 03:30:00",6799.33,36.6,TRADE
NSW1,"2015/08/12 04:00:00",6736.93,34.86,TRADE
NSW1,"2015/08/12 04:30:00",6705.6,30.61,TRADE
NSW1,"2015/08/12 05:00:00",6815.49,34.88,TRADE
NSW1,"2015/08/12 05:30:00",7205.54,39.51,TRADE
NSW1,"2015/08/12 06:00:00",7669.13,28.65,TRADE
NSW1,"2015/08/12 06:30:00",8614.73,35.56,TRADE
NSW1,"2015/08/12 07:00:00",9432.01,41.65,TRADE
NSW1,"2015/08/12 07:30:00",9974.18,47.69,TRADE
NSW1,"2015/08/12 08:00:00",10216.97,72.24,TRADE
NSW1,"2015/08/12 08:30:00",10113.53,54.03,TRADE
NSW1,"2015/08/12 09:00:00",9846.32,42.73,TRADE
NSW1,"2015/08/12 09:30:00",9724.84,41.16,TRADE
NSW1,"2015/08/12 10:00:00",9489.83,35.7,TRADE
NSW1,"2015/08/12 10:30:00",9259.24,35.33,TRADE
NSW1,"2015/08/12 11:00:00",9263.9,35.94,TRADE
NSW1,"2015/08/12 11:30:00",9180.06,35.15,TRADE
NSW1,"2015/08/12 12:00:00",9272.61,36.03,TRADE
NSW1,"2015/08/12 12:30:00",9362.42,36.2,TRADE
NSW1,"2015/08/12 13:00:00",9410.63,35.87,TRADE
NSW1,"2015/08/12 13:30:00",9090.92,35.97,TRADE
NSW1,"2015/08/12 14:00:00",8831.93,35.49,TRADE
NSW1,"2015/08/12 14:30:00",8678.45,31.23,TRADE
NSW1,"2015/08/12 15:00:00",8616.62,28.84,TRADE
NSW1,"2015/08/12 15:30:00",8696.95,29.23,TRADE
NSW1,"2015/08/12 16:00:00",8937.13,35.27,TRADE
NSW1,"2015/08/12 16:30:00",9215.58,34.38,TRADE
NSW1,"2015/08/12 17:00:00",9654.98,36.91,TRADE
NSW1,"2015/08/12 17:30:00",10253.4,44.5,TRADE
NSW1,"2015/08/12 18:00:00",11069.08,68.04,TRADE
NSW1,"2015/08/12 18:30:00",11329.6,45.93,TRADE
NSW1,"2015/08/12 19:00:00",11291.8,49.22,TRADE
NSW1,"2015/08/12 19:30:00",11071.65,43.77,TRADE
NSW1,"2015/08/12 20:00:00",10876.9,47.35,TRADE
NSW1,"2015/08/12 20:30:00",10709.51,43.68,TRADE
NSW1,"2015/08/12 21:00:00",10431.97,40.92,TRADE
NSW1,"2015/08/12 21:30:00",10137.05,38.36,TRADE
NSW1,"2015/08/12 22:00:00",9670.95,33.86,TRADE
NSW1,"2015/08/12 22:30:00",9480.75,38.28,TRADE
NSW1,"2015/08/12 23:00:00",9101.53,32.99,TRADE
NSW1,"2015/08/12 23:30:00",8849.85,33.62,TRADE
NSW1,"2015/08/13 00:00:00",8716.56,35.1,TRADE
NSW1,"2015/08/13 00:30:00",8523,39.35,TRADE
NSW1,"2015/08/13 01:00:00",8317.66,36.03,TRADE
NSW1,"2015/08/13 01:30:00",8035.71,37.64,TRADE
NSW1,"2015/08/13 02:00:00",7781.17,35.68,TRADE
NSW1,"2015/08/13 02:30:00",7426.47,35.09,TRADE
NSW1,"2015/08/13 03:00:00",7122.19,34.28,TRADE
NSW1,"2015/08/13 03:30:00",6915.66,34.15,TRADE
NSW1,"2015/08/13 04:00:00",6785.39,30.95,TRADE
NSW1,"2015/08/13 04:30:00",6766.21,32.71,TRADE
NSW1,"2015/08/13 05:00:00",6905.16,35.52,TRADE
NSW1,"2015/08/13 05:30:00",7260.27,35.57,TRADE
NSW1,"2015/08/13 06:00:00",7700.14,35.35,TRADE
NSW1,"2015/08/13 06:30:00",8629.69,33.72,TRADE
NSW1,"2015/08/13 07:00:00",9471,43.24,TRADE
NSW1,"2015/08/13 07:30:00",9927.87,42.55,TRADE
NSW1,"2015/08/13 08:00:00",10172.22,46.09,TRADE
NSW1,"2015/08/13 08:30:00",9981.39,39.99,TRADE
NSW1,"2015/08/13 09:00:00",9669.98,35,TRADE
NSW1,"2015/08/13 09:30:00",9511.17,35.85,TRADE
NSW1,"2015/08/13 10:00:00",9298.87,36.09,TRADE
NSW1,"2015/08/13 10:30:00",9085.74,36.01,TRADE
NSW1,"2015/08/13 11:00:00",8879.81,35.47,TRADE
NSW1,"2015/08/13 11:30:00",8651.57,34.28,TRADE
NSW1,"2015/08/13 12:00:00",8478.81,33.61,TRADE
NSW1,"2015/08/13 12:30:00",8384.83,31.25,TRADE
NSW1,"2015/08/13 13:00:00",8253.45,30.26,TRADE
NSW1,"2015/08/13 13:30:00",8181.7,31.24,TRADE
NSW1,"2015/08/13 14:00:00",8129.23,31.84,TRADE
NSW1,"2015/08/13 14:30:00",8116.53,31.89,TRADE
NSW1,"2015/08/13 15:00:00",8107.11,34.91,TRADE
NSW1,"2015/08/13 15:30:00",8154.26,34.64,TRADE
NSW1,"2015/08/13 16:00:00",8350.94,35.18,TRADE
NSW1,"2015/08/13 16:30:00",8593.26,34.3,TRADE
NSW1,"2015/08/13 17:00:00",8977.62,39.75,TRADE
NSW1,"2015/08/13 17:30:00",9553.45,35.85,TRADE
NSW1,"2015/08/13 18:00:00",10399.55,40.56,TRADE
NSW1,"2015/08/13 18:30:00",10824.29,48.07,TRADE
NSW1,"2015/08/13 19:00:00",10796.43,46.23,TRADE
NSW1,"2015/08/13 19:30:00",10654.73,39.53,TRADE
NSW1,"2015/08/13 20:00:00",10471.28,36.03,TRADE
NSW1,"2015/08/13 20:30:00",10313.2,36.88,TRADE
NSW1,"2015/08/13 21:00:00",10137.27,36.18,TRADE
NSW1,"2015/08/13 21:30:00",9847.81,35.27,TRADE
NSW1,"2015/08/13 22:00:00",9552.87,34.91,TRADE
NSW1,"2015/08/13 22:30:00",9401.98,37.01,TRADE
NSW1,"2015/08/13 23:00:00",9040.49,33.43,TRADE
NSW1,"2015/08/13 23:30:00",8864.14,35.56,TRADE
NSW1,"2015/08/14 00:00:00",8688.82,34.63,TRADE
NSW1,"2015/08/14 00:30:00",8414.16,36.02,TRADE
NSW1,"2015/08/14 01:00:00",8210.15,35.35,TRADE
NSW1,"2015/08/14 01:30:00",8004.82,37.07,TRADE
NSW1,"2015/08/14 02:00:00",7833.92,38.02,TRADE
NSW1,"2015/08/14 02:30:00",7469.6,35.84,TRADE
NSW1,"2015/08/14 03:00:00",7177.33,34.94,TRADE
NSW1,"2015/08/14 03:30:00",6977.53,34.91,TRADE
NSW1,"2015/08/14 04:00:00",6874.86,34.83,TRADE
NSW1,"2015/08/14 04:30:00",6875.01,34.93,TRADE
NSW1,"2015/08/14 05:00:00",6984.23,36.43,TRADE
NSW1,"2015/08/14 05:30:00",7386.25,41.09,TRADE
NSW1,"2015/08/14 06:00:00",7853.28,30.61,TRADE
NSW1,"2015/08/14 06:30:00",8684.91,35.18,TRADE
NSW1,"2015/08/14 07:00:00",9515.63,50.6,TRADE
NSW1,"2015/08/14 07:30:00",10062.45,52.86,TRADE
NSW1,"2015/08/14 08:00:00",10330.38,52.3,TRADE
NSW1,"2015/08/14 08:30:00",10225.45,42.92,TRADE
NSW1,"2015/08/14 09:00:00",9864.6,36.19,TRADE
NSW1,"2015/08/14 09:30:00",9723.05,36.25,TRADE
NSW1,"2015/08/14 10:00:00",9522.72,36.03,TRADE
NSW1,"2015/08/14 10:30:00",9201.75,33.59,TRADE
NSW1,"2015/08/14 11:00:00",9021.36,34.53,TRADE
NSW1,"2015/08/14 11:30:00",8765.07,32.36,TRADE
NSW1,"2015/08/14 12:00:00",8593.9,29.69,TRADE
NSW1,"2015/08/14 12:30:00",8506.06,31.37,TRADE
NSW1,"2015/08/14 13:00:00",8372.21,29.71,TRADE
NSW1,"2015/08/14 13:30:00",8246.94,32.74,TRADE
NSW1,"2015/08/14 14:00:00",8195.91,32.2,TRADE
NSW1,"2015/08/14 14:30:00",8158.96,31.32,TRADE
NSW1,"2015/08/14 15:00:00",8123.7,32.37,TRADE
NSW1,"2015/08/14 15:30:00",8131.45,31.7,TRADE
NSW1,"2015/08/14 16:00:00",8278.11,33.57,TRADE
NSW1,"2015/08/14 16:30:00",8566.89,31.91,TRADE
NSW1,"2015/08/14 17:00:00",8857.73,36.28,TRADE
NSW1,"2015/08/14 17:30:00",9309.23,34.09,TRADE
NSW1,"2015/08/14 18:00:00",9993.9,39.75,TRADE
NSW1,"2015/08/14 18:30:00",10252.98,35.95,TRADE
NSW1,"2015/08/14 19:00:00",10265.93,34.38,TRADE
NSW1,"2015/08/14 19:30:00",10066.27,34.53,TRADE
NSW1,"2015/08/14 20:00:00",9935.87,36.51,TRADE
NSW1,"2015/08/14 20:30:00",9873.28,38.01,TRADE
NSW1,"2015/08/14 21:00:00",9700.92,36,TRADE
NSW1,"2015/08/14 21:30:00",9538.81,36.04,TRADE
NSW1,"2015/08/14 22:00:00",9233.9,35.46,TRADE
NSW1,"2015/08/14 22:30:00",9256.84,42.56,TRADE
NSW1,"2015/08/14 23:00:00",8954.71,36.5,TRADE
NSW1,"2015/08/14 23:30:00",8856.92,36.62,TRADE
NSW1,"2015/08/15 00:00:00",8766.07,36.01,TRADE
NSW1,"2015/08/15 00:30:00",8550.93,35.9,TRADE
NSW1,"2015/08/15 01:00:00",8275.53,35.9,TRADE
NSW1,"2015/08/15 01:30:00",8062.54,35.92,TRADE
NSW1,"2015/08/15 02:00:00",7745.3,35.63,TRADE
NSW1,"2015/08/15 02:30:00",7381.73,35.18,TRADE
NSW1,"2015/08/15 03:00:00",7123.14,34.82,TRADE
NSW1,"2015/08/15 03:30:00",6865.12,34.91,TRADE
NSW1,"2015/08/15 04:00:00",6745.83,34.75,TRADE
NSW1,"2015/08/15 04:30:00",6656.19,32.13,TRADE
NSW1,"2015/08/15 05:00:00",6658.06,32.93,TRADE
NSW1,"2015/08/15 05:30:00",6785.09,33.73,TRADE
NSW1,"2015/08/15 06:00:00",7011.86,36.83,TRADE
NSW1,"2015/08/15 06:30:00",7330.3,35.21,TRADE
NSW1,"2015/08/15 07:00:00",7727,35.27,TRADE
NSW1,"2015/08/15 07:30:00",8193.01,35.58,TRADE
NSW1,"2015/08/15 08:00:00",8643.25,37.04,TRADE
NSW1,"2015/08/15 08:30:00",8894.23,37.04,TRADE
NSW1,"2015/08/15 09:00:00",8982.01,36.98,TRADE
NSW1,"2015/08/15 09:30:00",9002.33,38.08,TRADE
NSW1,"2015/08/15 10:00:00",8756.51,36.9,TRADE
NSW1,"2015/08/15 10:30:00",8613.88,35.98,TRADE
NSW1,"2015/08/15 11:00:00",8390.61,34.56,TRADE
NSW1,"2015/08/15 11:30:00",8153.86,32.94,TRADE
NSW1,"2015/08/15 12:00:00",8037.69,32.96,TRADE
NSW1,"2015/08/15 12:30:00",7946.61,33.02,TRADE
NSW1,"2015/08/15 13:00:00",7902.6,33.03,TRADE
NSW1,"2015/08/15 13:30:00",7828.76,34.15,TRADE
NSW1,"2015/08/15 14:00:00",7820.33,34.95,TRADE
NSW1,"2015/08/15 14:30:00",7830.92,34.86,TRADE
NSW1,"2015/08/15 15:00:00",7863.31,34.88,TRADE
NSW1,"2015/08/15 15:30:00",7906.21,35.34,TRADE
NSW1,"2015/08/15 16:00:00",7992.2,35.26,TRADE
NSW1,"2015/08/15 16:30:00",8212.73,35.49,TRADE
NSW1,"2015/08/15 17:00:00",8509.87,36.19,TRADE
NSW1,"2015/08/15 17:30:00",8925.87,36.22,TRADE
NSW1,"2015/08/15 18:00:00",9506.69,42.9,TRADE
NSW1,"2015/08/15 18:30:00",9718.72,43.44,TRADE
NSW1,"2015/08/15 19:00:00",9652.54,42.04,TRADE
NSW1,"2015/08/15 19:30:00",9385.65,36.21,TRADE
NSW1,"2015/08/15 20:00:00",9190.87,38.62,TRADE
NSW1,"2015/08/15 20:30:00",9029.37,41.79,TRADE
NSW1,"2015/08/15 21:00:00",8875.07,36.08,TRADE
NSW1,"2015/08/15 21:30:00",8695.95,35.99,TRADE
NSW1,"2015/08/15 22:00:00",8474.74,35.85,TRADE
NSW1,"2015/08/15 22:30:00",8413.48,36.29,TRADE
NSW1,"2015/08/15 23:00:00",8224.07,35.52,TRADE
NSW1,"2015/08/15 23:30:00",8143.76,35.12,TRADE
NSW1,"2015/08/16 00:00:00",7988.81,33.97,TRADE
NSW1,"2015/08/16 00:30:00",7692.04,33.13,TRADE
NSW1,"2015/08/16 01:00:00",7454.27,33.97,TRADE
NSW1,"2015/08/16 01:30:00",7251.15,34.3,TRADE
NSW1,"2015/08/16 02:00:00",7121.52,36.5,TRADE
NSW1,"2015/08/16 02:30:00",6809.76,34.49,TRADE
NSW1,"2015/08/16 03:00:00",6610.06,34.34,TRADE
NSW1,"2015/08/16 03:30:00",6434.5,32.33,TRADE
NSW1,"2015/08/16 04:00:00",6368.17,31.71,TRADE
NSW1,"2015/08/16 04:30:00",6333.56,30.72,TRADE
NSW1,"2015/08/16 05:00:00",6313.6,30.06,TRADE
NSW1,"2015/08/16 05:30:00",6438.18,31.98,TRADE
NSW1,"2015/08/16 06:00:00",6553.86,30.88,TRADE
NSW1,"2015/08/16 06:30:00",6816.2,29.96,TRADE
NSW1,"2015/08/16 07:00:00",7051.53,28.9,TRADE
NSW1,"2015/08/16 07:30:00",7360,26.19,TRADE
NSW1,"2015/08/16 08:00:00",7695.85,28.78,TRADE
NSW1,"2015/08/16 08:30:00",7993.88,32.17,TRADE
NSW1,"2015/08/16 09:00:00",8121.04,32.54,TRADE
NSW1,"2015/08/16 09:30:00",8113.66,32.01,TRADE
NSW1,"2015/08/16 10:00:00",7975.74,32.82,TRADE
NSW1,"2015/08/16 10:30:00",7859.75,30.31,TRADE
NSW1,"2015/08/16 11:00:00",7688.68,26.74,TRADE
NSW1,"2015/08/16 11:30:00",7445.15,25.75,TRADE
NSW1,"2015/08/16 12:00:00",7308.88,25.49,TRADE
NSW1,"2015/08/16 12:30:00",7199.26,26.5,TRADE
NSW1,"2015/08/16 13:00:00",7095.47,25.95,TRADE
NSW1,"2015/08/16 13:30:00",7075.34,25.49,TRADE
NSW1,"2015/08/16 14:00:00",7017.47,25.47,TRADE
NSW1,"2015/08/16 14:30:00",7025.04,26.11,TRADE
NSW1,"2015/08/16 15:00:00",7034.93,26.03,TRADE
NSW1,"2015/08/16 15:30:00",7179.06,29.91,TRADE
NSW1,"2015/08/16 16:00:00",7332.47,31.47,TRADE
NSW1,"2015/08/16 16:30:00",7587.48,29.73,TRADE
NSW1,"2015/08/16 17:00:00",7861.55,30.94,TRADE
NSW1,"2015/08/16 17:30:00",8255.81,32.6,TRADE
NSW1,"2015/08/16 18:00:00",8983.51,36.16,TRADE
NSW1,"2015/08/16 18:30:00",9375.08,36.02,TRADE
NSW1,"2015/08/16 19:00:00",9364.78,35.85,TRADE
NSW1,"2015/08/16 19:30:00",9172.88,34.38,TRADE
NSW1,"2015/08/16 20:00:00",8949.93,34.57,TRADE
NSW1,"2015/08/16 20:30:00",8846.37,33.6,TRADE
NSW1,"2015/08/16 21:00:00",8675.37,32.1,TRADE
NSW1,"2015/08/16 21:30:00",8456.25,31.19,TRADE
NSW1,"2015/08/16 22:00:00",8211.42,30.31,TRADE
NSW1,"2015/08/16 22:30:00",8085.05,28.88,TRADE
NSW1,"2015/08/16 23:00:00",7856.74,27.24,TRADE
NSW1,"2015/08/16 23:30:00",7710.1,26.78,TRADE
NSW1,"2015/08/17 00:00:00",7520.44,25.85,TRADE
NSW1,"2015/08/17 00:30:00",7357.13,28.49,TRADE
NSW1,"2015/08/17 01:00:00",7209.79,31.43,TRADE
NSW1,"2015/08/17 01:30:00",7071.14,29.9,TRADE
NSW1,"2015/08/17 02:00:00",6868.02,27.25,TRADE
NSW1,"2015/08/17 02:30:00",6618.68,28.83,TRADE
NSW1,"2015/08/17 03:00:00",6456.8,23.29,TRADE
NSW1,"2015/08/17 03:30:00",6355.51,21.13,TRADE
NSW1,"2015/08/17 04:00:00",6265.89,19.37,TRADE
NSW1,"2015/08/17 04:30:00",6306.8,19.11,TRADE
NSW1,"2015/08/17 05:00:00",6413.08,26.44,TRADE
NSW1,"2015/08/17 05:30:00",6788.39,27.88,TRADE
NSW1,"2015/08/17 06:00:00",7259.19,31.29,TRADE
NSW1,"2015/08/17 06:30:00",8136.29,28.61,TRADE
NSW1,"2015/08/17 07:00:00",8923.88,37.16,TRADE
NSW1,"2015/08/17 07:30:00",9367.66,34.64,TRADE
NSW1,"2015/08/17 08:00:00",9602.01,36.02,TRADE
NSW1,"2015/08/17 08:30:00",9514.1,34.81,TRADE
NSW1,"2015/08/17 09:00:00",9287.97,34.32,TRADE
NSW1,"2015/08/17 09:30:00",9129.33,33.15,TRADE
NSW1,"2015/08/17 10:00:00",8971.54,32.86,TRADE
NSW1,"2015/08/17 10:30:00",8853.71,34.24,TRADE
NSW1,"2015/08/17 11:00:00",8689.27,34.93,TRADE
NSW1,"2015/08/17 11:30:00",8534.27,32.68,TRADE
NSW1,"2015/08/17 12:00:00",8426.61,31.24,TRADE
NSW1,"2015/08/17 12:30:00",8346.46,30.8,TRADE
NSW1,"2015/08/17 13:00:00",8256.71,31.65,TRADE
NSW1,"2015/08/17 13:30:00",8160.06,32,TRADE
NSW1,"2015/08/17 14:00:00",8137.1,32.2,TRADE
NSW1,"2015/08/17 14:30:00",8175.41,33,TRADE
NSW1,"2015/08/17 15:00:00",8119.41,32.11,TRADE
NSW1,"2015/08/17 15:30:00",8131,32.21,TRADE
NSW1,"2015/08/17 16:00:00",8298.46,33.85,TRADE
NSW1,"2015/08/17 16:30:00",8504.99,31.95,TRADE
NSW1,"2015/08/17 17:00:00",8904.91,32.01,TRADE
NSW1,"2015/08/17 17:30:00",9378.32,35.02,TRADE
NSW1,"2015/08/17 18:00:00",10113.48,43.35,TRADE
NSW1,"2015/08/17 18:30:00",10436.93,40.56,TRADE
NSW1,"2015/08/17 19:00:00",10418.08,40.07,TRADE
NSW1,"2015/08/17 19:30:00",10170.97,35.73,TRADE
NSW1,"2015/08/17 20:00:00",10042.22,35.82,TRADE
NSW1,"2015/08/17 20:30:00",9761.12,33.43,TRADE
NSW1,"2015/08/17 21:00:00",9496.32,34.78,TRADE
NSW1,"2015/08/17 21:30:00",9275.68,33.44,TRADE
NSW1,"2015/08/17 22:00:00",8945.19,31.24,TRADE
NSW1,"2015/08/17 22:30:00",8751.28,34.9,TRADE
NSW1,"2015/08/17 23:00:00",8526.35,35.18,TRADE
NSW1,"2015/08/17 23:30:00",8370.81,33.82,TRADE
NSW1,"2015/08/18 00:00:00",8258.4,34.17,TRADE
NSW1,"2015/08/18 00:30:00",8057.86,35.98,TRADE
NSW1,"2015/08/18 01:00:00",7894.08,36.03,TRADE
NSW1,"2015/08/18 01:30:00",7735.93,37.66,TRADE
NSW1,"2015/08/18 02:00:00",7521.33,36.02,TRADE
NSW1,"2015/08/18 02:30:00",7207.06,33.34,TRADE
NSW1,"2015/08/18 03:00:00",6927.29,32.47,TRADE
NSW1,"2015/08/18 03:30:00",6808.23,31.91,TRADE
NSW1,"2015/08/18 04:00:00",6740.18,30.9,TRADE
NSW1,"2015/08/18 04:30:00",6716.1,30.33,TRADE
NSW1,"2015/08/18 05:00:00",6788.1,32.54,TRADE
NSW1,"2015/08/18 05:30:00",7125.62,39.28,TRADE
NSW1,"2015/08/18 06:00:00",7644.32,36.59,TRADE
NSW1,"2015/08/18 06:30:00",8504.77,36.56,TRADE
NSW1,"2015/08/18 07:00:00",9271.36,47.07,TRADE
NSW1,"2015/08/18 07:30:00",9609.58,38.94,TRADE
NSW1,"2015/08/18 08:00:00",9793.39,40.66,TRADE
NSW1,"2015/08/18 08:30:00",9679.31,38.34,TRADE
NSW1,"2015/08/18 09:00:00",9397.37,35.83,TRADE
NSW1,"2015/08/18 09:30:00",9223.14,35.88,TRADE
NSW1,"2015/08/18 10:00:00",9077.5,36.11,TRADE
NSW1,"2015/08/18 10:30:00",8891.54,33.52,TRADE
NSW1,"2015/08/18 11:00:00",8661.99,35.83,TRADE
NSW1,"2015/08/18 11:30:00",8561.78,36.21,TRADE
NSW1,"2015/08/18 12:00:00",8413.05,36.05,TRADE
NSW1,"2015/08/18 12:30:00",8375.73,36.04,TRADE
NSW1,"2015/08/18 13:00:00",8278.28,36,TRADE
NSW1,"2015/08/18 13:30:00",8278.2,36.28,TRADE
NSW1,"2015/08/18 14:00:00",8204.06,36.11,TRADE
NSW1,"2015/08/18 14:30:00",8174.07,35.82,TRADE
NSW1,"2015/08/18 15:00:00",8196.19,35.98,TRADE
NSW1,"2015/08/18 15:30:00",8215.69,35.16,TRADE
NSW1,"2015/08/18 16:00:00",8406.39,35.87,TRADE
NSW1,"2015/08/18 16:30:00",8627.71,35.44,TRADE
NSW1,"2015/08/18 17:00:00",9038.15,38.89,TRADE
NSW1,"2015/08/18 17:30:00",9664.57,36.15,TRADE
NSW1,"2015/08/18 18:00:00",10513.19,49.58,TRADE
NSW1,"2015/08/18 18:30:00",10862.62,62.01,TRADE
NSW1,"2015/08/18 19:00:00",10918.55,67.23,TRADE
NSW1,"2015/08/18 19:30:00",10746.52,40.89,TRADE
NSW1,"2015/08/18 20:00:00",10512.76,37.14,TRADE
NSW1,"2015/08/18 20:30:00",10386.18,53.36,TRADE
NSW1,"2015/08/18 21:00:00",10190.2,54.91,TRADE
NSW1,"2015/08/18 21:30:00",9939.59,40.77,TRADE
NSW1,"2015/08/18 22:00:00",9575.59,35.32,TRADE
NSW1,"2015/08/18 22:30:00",9414.55,43.79,TRADE
NSW1,"2015/08/18 23:00:00",9069.54,39.9,TRADE
NSW1,"2015/08/18 23:30:00",8850.11,35.17,TRADE
NSW1,"2015/08/19 00:00:00",8696.61,36.21,TRADE
NSW1,"2015/08/19 00:30:00",8443.08,38.42,TRADE
NSW1,"2015/08/19 01:00:00",8279.85,36.54,TRADE
NSW1,"2015/08/19 01:30:00",8072.95,36.04,TRADE
NSW1,"2015/08/19 02:00:00",7843.74,37.15,TRADE
NSW1,"2015/08/19 02:30:00",7528.42,36.47,TRADE
NSW1,"2015/08/19 03:00:00",7186.67,34.44,TRADE
NSW1,"2015/08/19 03:30:00",6994.65,34.73,TRADE
NSW1,"2015/08/19 04:00:00",6909.87,33.84,TRADE
NSW1,"2015/08/19 04:30:00",6845.49,34.19,TRADE
NSW1,"2015/08/19 05:00:00",6973.64,36.08,TRADE
NSW1,"2015/08/19 05:30:00",7298.73,39.01,TRADE
NSW1,"2015/08/19 06:00:00",7773.25,40.39,TRADE
NSW1,"2015/08/19 06:30:00",8667.1,36.35,TRADE
NSW1,"2015/08/19 07:00:00",9462.41,159.14,TRADE
NSW1,"2015/08/19 07:30:00",9837.52,38.76,TRADE
NSW1,"2015/08/19 08:00:00",10065.78,43.33,TRADE
NSW1,"2015/08/19 08:30:00",9895.03,39.35,TRADE
NSW1,"2015/08/19 09:00:00",9604.25,36.62,TRADE
NSW1,"2015/08/19 09:30:00",9430.83,38.75,TRADE
NSW1,"2015/08/19 10:00:00",9171.28,35.17,TRADE
NSW1,"2015/08/19 10:30:00",8963.49,35.62,TRADE
NSW1,"2015/08/19 11:00:00",8831.81,35.8,TRADE
NSW1,"2015/08/19 11:30:00",8635.97,36.04,TRADE
NSW1,"2015/08/19 12:00:00",8551.94,36.02,TRADE
NSW1,"2015/08/19 12:30:00",8477.46,36.05,TRADE
NSW1,"2015/08/19 13:00:00",8418.48,35.82,TRADE
NSW1,"2015/08/19 13:30:00",8366.69,35.64,TRADE
NSW1,"2015/08/19 14:00:00",8385.12,35.93,TRADE
NSW1,"2015/08/19 14:30:00",8377.55,35.15,TRADE
NSW1,"2015/08/19 15:00:00",8352.2,35.7,TRADE
NSW1,"2015/08/19 15:30:00",8324.09,35.99,TRADE
NSW1,"2015/08/19 16:00:00",8442.58,35.91,TRADE
NSW1,"2015/08/19 16:30:00",8671.28,35.68,TRADE
NSW1,"2015/08/19 17:00:00",8976.43,35.26,TRADE
NSW1,"2015/08/19 17:30:00",9469.8,35.42,TRADE
NSW1,"2015/08/19 18:00:00",10230.15,42.92,TRADE
NSW1,"2015/08/19 18:30:00",10610.65,69.9,TRADE
NSW1,"2015/08/19 19:00:00",10598.34,55.1,TRADE
NSW1,"2015/08/19 19:30:00",10426.23,43.21,TRADE
NSW1,"2015/08/19 20:00:00",10249.55,42.66,TRADE
NSW1,"2015/08/19 20:30:00",10126.67,41.46,TRADE
NSW1,"2015/08/19 21:00:00",9883.14,36.28,TRADE
NSW1,"2015/08/19 21:30:00",9628.94,35.07,TRADE
NSW1,"2015/08/19 22:00:00",9174.75,33.12,TRADE
NSW1,"2015/08/19 22:30:00",9032.13,35.95,TRADE
NSW1,"2015/08/19 23:00:00",8758.69,35.61,TRADE
NSW1,"2015/08/19 23:30:00",8621.8,35.71,TRADE
NSW1,"2015/08/20 00:00:00",8478.15,34.67,TRADE
NSW1,"2015/08/20 00:30:00",8291.24,35.91,TRADE
NSW1,"2015/08/20 01:00:00",8042.07,35.01,TRADE
NSW1,"2015/08/20 01:30:00",7907.93,35.1,TRADE
NSW1,"2015/08/20 02:00:00",7693.88,33.94,TRADE
NSW1,"2015/08/20 02:30:00",7349.51,32.58,TRADE
NSW1,"2015/08/20 03:00:00",7079.6,31.68,TRADE
NSW1,"2015/08/20 03:30:00",6919.85,29.92,TRADE
NSW1,"2015/08/20 04:00:00",6771.78,28.61,TRADE
NSW1,"2015/08/20 04:30:00",6779.8,29.11,TRADE
NSW1,"2015/08/20 05:00:00",6894.79,30.55,TRADE
NSW1,"2015/08/20 05:30:00",7220.32,33.77,TRADE
NSW1,"2015/08/20 06:00:00",7693.97,32.87,TRADE
NSW1,"2015/08/20 06:30:00",8585.69,24.66,TRADE
NSW1,"2015/08/20 07:00:00",9382.02,41.39,TRADE
NSW1,"2015/08/20 07:30:00",9735.07,38.14,TRADE
NSW1,"2015/08/20 08:00:00",9949.52,38.43,TRADE
NSW1,"2015/08/20 08:30:00",9824.08,38.73,TRADE
NSW1,"2015/08/20 09:00:00",9521.79,36.73,TRADE
NSW1,"2015/08/20 09:30:00",9290.76,35.81,TRADE
NSW1,"2015/08/20 10:00:00",9033.49,35.8,TRADE
NSW1,"2015/08/20 10:30:00",8842.88,36.42,TRADE
NSW1,"2015/08/20 11:00:00",8666.4,35.83,TRADE
NSW1,"2015/08/20 11:30:00",8410.73,35.37,TRADE
NSW1,"2015/08/20 12:00:00",8247.63,33.37,TRADE
NSW1,"2015/08/20 12:30:00",8099.48,32.42,TRADE
NSW1,"2015/08/20 13:00:00",8029.19,32.66,TRADE
NSW1,"2015/08/20 13:30:00",7956.12,33.38,TRADE
NSW1,"2015/08/20 14:00:00",7944.87,32.7,TRADE
NSW1,"2015/08/20 14:30:00",7924.34,32.05,TRADE
NSW1,"2015/08/20 15:00:00",7931.61,31.84,TRADE
NSW1,"2015/08/20 15:30:00",7961.33,31.82,TRADE
NSW1,"2015/08/20 16:00:00",8100.32,32.78,TRADE
NSW1,"2015/08/20 16:30:00",8326.87,31.74,TRADE
NSW1,"2015/08/20 17:00:00",8550.37,32.96,TRADE
NSW1,"2015/08/20 17:30:00",8985.39,35.41,TRADE
NSW1,"2015/08/20 18:00:00",9688.82,37.75,TRADE
NSW1,"2015/08/20 18:30:00",10100.09,39.3,TRADE
NSW1,"2015/08/20 19:00:00",10124.74,40.16,TRADE
NSW1,"2015/08/20 19:30:00",9973.37,37.27,TRADE
NSW1,"2015/08/20 20:00:00",9764.83,37.85,TRADE
NSW1,"2015/08/20 20:30:00",9676.16,37.15,TRADE
NSW1,"2015/08/20 21:00:00",9516.86,36.24,TRADE
NSW1,"2015/08/20 21:30:00",9275.15,35.72,TRADE
NSW1,"2015/08/20 22:00:00",8920.79,35.6,TRADE
NSW1,"2015/08/20 22:30:00",8844.07,38.39,TRADE
NSW1,"2015/08/20 23:00:00",8565.99,36.04,TRADE
NSW1,"2015/08/20 23:30:00",8435.93,35.85,TRADE
NSW1,"2015/08/21 00:00:00",8326.41,36.33,TRADE
NSW1,"2015/08/21 00:30:00",8097.76,36.41,TRADE
NSW1,"2015/08/21 01:00:00",7882.35,36.23,TRADE
NSW1,"2015/08/21 01:30:00",7727.12,34.89,TRADE
NSW1,"2015/08/21 02:00:00",7525.11,35.46,TRADE
NSW1,"2015/08/21 02:30:00",7171.77,32.84,TRADE
NSW1,"2015/08/21 03:00:00",6918.13,32.5,TRADE
NSW1,"2015/08/21 03:30:00",6694.84,31.67,TRADE
NSW1,"2015/08/21 04:00:00",6598.15,32.7,TRADE
NSW1,"2015/08/21 04:30:00",6613.04,33.91,TRADE
NSW1,"2015/08/21 05:00:00",6678.59,33.7,TRADE
NSW1,"2015/08/21 05:30:00",7029.47,36.03,TRADE
NSW1,"2015/08/21 06:00:00",7464.24,36.79,TRADE
NSW1,"2015/08/21 06:30:00",8329.14,34.72,TRADE
NSW1,"2015/08/21 07:00:00",9016.77,37.44,TRADE
NSW1,"2015/08/21 07:30:00",9348.09,78.97,TRADE
NSW1,"2015/08/21 08:00:00",9503.65,84.95,TRADE
NSW1,"2015/08/21 08:30:00",9382.24,44.11,TRADE
NSW1,"2015/08/21 09:00:00",9105.39,43.13,TRADE
NSW1,"2015/08/21 09:30:00",8941.43,49.45,TRADE
NSW1,"2015/08/21 10:00:00",8779.18,44.81,TRADE
NSW1,"2015/08/21 10:30:00",8620.46,43.94,TRADE
NSW1,"2015/08/21 11:00:00",8477.71,42.04,TRADE
NSW1,"2015/08/21 11:30:00",8225.98,36.85,TRADE
NSW1,"2015/08/21 12:00:00",8093.77,36.29,TRADE
NSW1,"2015/08/21 12:30:00",8048.29,36.19,TRADE
NSW1,"2015/08/21 13:00:00",8000.55,35.97,TRADE
NSW1,"2015/08/21 13:30:00",7961.52,36.06,TRADE
NSW1,"2015/08/21 14:00:00",7918.17,36.05,TRADE
NSW1,"2015/08/21 14:30:00",7887.26,36.07,TRADE
NSW1,"2015/08/21 15:00:00",7882.56,36.6,TRADE
NSW1,"2015/08/21 15:30:00",7968.09,36.08,TRADE
NSW1,"2015/08/21 16:00:00",8086.07,39.57,TRADE
NSW1,"2015/08/21 16:30:00",8262.25,39.56,TRADE
NSW1,"2015/08/21 17:00:00",8423.07,38.32,TRADE
NSW1,"2015/08/21 17:30:00",8811.8,40.81,TRADE
NSW1,"2015/08/21 18:00:00",9299.76,48.02,TRADE
NSW1,"2015/08/21 18:30:00",9406.27,42.19,TRADE
NSW1,"2015/08/21 19:00:00",9344.65,39.26,TRADE
NSW1,"2015/08/21 19:30:00",9159.79,37.11,TRADE
NSW1,"2015/08/21 20:00:00",8879.92,36.63,TRADE
NSW1,"2015/08/21 20:30:00",8785.78,37.14,TRADE
NSW1,"2015/08/21 21:00:00",8665.63,37.33,TRADE
NSW1,"2015/08/21 21:30:00",8537.53,36.05,TRADE
NSW1,"2015/08/21 22:00:00",8338.69,36.06,TRADE
NSW1,"2015/08/21 22:30:00",8337.46,43.01,TRADE
NSW1,"2015/08/21 23:00:00",8166.36,45.58,TRADE
NSW1,"2015/08/21 23:30:00",8074.8,40.52,TRADE
NSW1,"2015/08/22 00:00:00",8005.13,48.29,TRADE
NSW1,"2015/08/22 00:30:00",7861.41,45.45,TRADE
NSW1,"2015/08/22 01:00:00",7664.58,39.11,TRADE
NSW1,"2015/08/22 01:30:00",7448.7,36.69,TRADE
NSW1,"2015/08/22 02:00:00",7163.44,38.13,TRADE
NSW1,"2015/08/22 02:30:00",6804.65,32.21,TRADE
NSW1,"2015/08/22 03:00:00",6522.6,31.95,TRADE
NSW1,"2015/08/22 03:30:00",6352.57,32.53,TRADE
NSW1,"2015/08/22 04:00:00",6158.39,30.21,TRADE
NSW1,"2015/08/22 04:30:00",6109.14,29.89,TRADE
NSW1,"2015/08/22 05:00:00",6097.44,30.08,TRADE
NSW1,"2015/08/22 05:30:00",6186.2,31.73,TRADE
NSW1,"2015/08/22 06:00:00",6362.37,33.85,TRADE
NSW1,"2015/08/22 06:30:00",6653.03,33.15,TRADE
NSW1,"2015/08/22 07:00:00",6906.13,33.61,TRADE
NSW1,"2015/08/22 07:30:00",7232.9,34.44,TRADE
NSW1,"2015/08/22 08:00:00",7538.84,35.65,TRADE
NSW1,"2015/08/22 08:30:00",7735.51,38.04,TRADE
NSW1,"2015/08/22 09:00:00",7823.95,36.43,TRADE
NSW1,"2015/08/22 09:30:00",7879.39,36.63,TRADE
NSW1,"2015/08/22 10:00:00",7657.89,35.4,TRADE
NSW1,"2015/08/22 10:30:00",7548.43,35,TRADE
NSW1,"2015/08/22 11:00:00",7371.4,32.72,TRADE
NSW1,"2015/08/22 11:30:00",7150.44,31.8,TRADE
NSW1,"2015/08/22 12:00:00",7060.92,31.49,TRADE
NSW1,"2015/08/22 12:30:00",6997.85,31.87,TRADE
NSW1,"2015/08/22 13:00:00",6887.03,31.53,TRADE
NSW1,"2015/08/22 13:30:00",6840.64,31.73,TRADE
NSW1,"2015/08/22 14:00:00",6752.82,30.25,TRADE
NSW1,"2015/08/22 14:30:00",6770.69,28.23,TRADE
NSW1,"2015/08/22 15:00:00",6786.72,26.72,TRADE
NSW1,"2015/08/22 15:30:00",6831.59,30.58,TRADE
NSW1,"2015/08/22 16:00:00",6987.2,32.21,TRADE
NSW1,"2015/08/22 16:30:00",7135.44,33.57,TRADE
NSW1,"2015/08/22 17:00:00",7352.65,35.29,TRADE
NSW1,"2015/08/22 17:30:00",7473.13,35.56,TRADE
NSW1,"2015/08/22 18:00:00",7947.73,37.8,TRADE
NSW1,"2015/08/22 18:30:00",8220.01,43.93,TRADE
NSW1,"2015/08/22 19:00:00",8156.83,41.77,TRADE
NSW1,"2015/08/22 19:30:00",7905.52,34.77,TRADE
NSW1,"2015/08/22 20:00:00",7703.42,34.48,TRADE
NSW1,"2015/08/22 20:30:00",7568.96,35.08,TRADE
NSW1,"2015/08/22 21:00:00",7483.57,35.28,TRADE
NSW1,"2015/08/22 21:30:00",7399.3,36.05,TRADE
NSW1,"2015/08/22 22:00:00",7258.16,35.49,TRADE
NSW1,"2015/08/22 22:30:00",7265.98,35.96,TRADE
NSW1,"2015/08/22 23:00:00",7198.28,34.96,TRADE
NSW1,"2015/08/22 23:30:00",7152.34,35.3,TRADE
NSW1,"2015/08/23 00:00:00",7030.05,34.94,TRADE
NSW1,"2015/08/23 00:30:00",6787.87,35.13,TRADE
NSW1,"2015/08/23 01:00:00",6589.5,32.87,TRADE
NSW1,"2015/08/23 01:30:00",6407.11,31.9,TRADE
NSW1,"2015/08/23 02:00:00",6236.39,31.11,TRADE
NSW1,"2015/08/23 02:30:00",5985.31,28.19,TRADE
NSW1,"2015/08/23 03:00:00",5816.34,25.23,TRADE
NSW1,"2015/08/23 03:30:00",5686.14,25.63,TRADE
NSW1,"2015/08/23 04:00:00",5632.78,24.95,TRADE
NSW1,"2015/08/23 04:30:00",5630.08,20.51,TRADE
NSW1,"2015/08/23 05:00:00",5623.02,21.28,TRADE
NSW1,"2015/08/23 05:30:00",5712.83,24.37,TRADE
NSW1,"2015/08/23 06:00:00",5795.62,24.78,TRADE
NSW1,"2015/08/23 06:30:00",6013.54,26.98,TRADE
NSW1,"2015/08/23 07:00:00",6212.92,24.57,TRADE
NSW1,"2015/08/23 07:30:00",6376.14,26.14,TRADE
NSW1,"2015/08/23 08:00:00",6779.63,30.5,TRADE
NSW1,"2015/08/23 08:30:00",7168.69,33.5,TRADE
NSW1,"2015/08/23 09:00:00",7463.54,34.91,TRADE
NSW1,"2015/08/23 09:30:00",7657.89,35.35,TRADE
NSW1,"2015/08/23 10:00:00",7724.6,35.86,TRADE
NSW1,"2015/08/23 10:30:00",7749.08,36.48,TRADE
NSW1,"2015/08/23 11:00:00",7658.07,36.01,TRADE
NSW1,"2015/08/23 11:30:00",7628.27,36.05,TRADE
NSW1,"2015/08/23 12:00:00",7573.79,35.28,TRADE
NSW1,"2015/08/23 12:30:00",7590.62,34.95,TRADE
NSW1,"2015/08/23 13:00:00",7546.03,34.95,TRADE
NSW1,"2015/08/23 13:30:00",7563.83,34.17,TRADE
NSW1,"2015/08/23 14:00:00",7535.13,34.91,TRADE
NSW1,"2015/08/23 14:30:00",7514.55,32.97,TRADE
NSW1,"2015/08/23 15:00:00",7567.67,34.21,TRADE
NSW1,"2015/08/23 15:30:00",7589.04,33.15,TRADE
NSW1,"2015/08/23 16:00:00",7729.51,32.14,TRADE
NSW1,"2015/08/23 16:30:00",7993.34,33.13,TRADE
NSW1,"2015/08/23 17:00:00",8310.08,36.73,TRADE
NSW1,"2015/08/23 17:30:00",8540.25,35.59,TRADE
NSW1,"2015/08/23 18:00:00",8975.78,36.17,TRADE
NSW1,"2015/08/23 18:30:00",9147.76,40.43,TRADE
NSW1,"2015/08/23 19:00:00",9022.82,38.32,TRADE
NSW1,"2015/08/23 19:30:00",8728.71,34.77,TRADE
NSW1,"2015/08/23 20:00:00",8499.78,35.27,TRADE
NSW1,"2015/08/23 20:30:00",8346.32,35.97,TRADE
NSW1,"2015/08/23 21:00:00",8130.54,36.03,TRADE
NSW1,"2015/08/23 21:30:00",7886.8,35.17,TRADE
NSW1,"2015/08/23 22:00:00",7691.91,32.99,TRADE
NSW1,"2015/08/23 22:30:00",7580.82,32.97,TRADE
NSW1,"2015/08/23 23:00:00",7394.93,30.6,TRADE
NSW1,"2015/08/23 23:30:00",7256.48,31.58,TRADE
NSW1,"2015/08/24 00:00:00",7192.05,30.73,TRADE
NSW1,"2015/08/24 00:30:00",6961.81,27.55,TRADE
NSW1,"2015/08/24 01:00:00",6792.68,25.63,TRADE
NSW1,"2015/08/24 01:30:00",6627.3,25.45,TRADE
NSW1,"2015/08/24 02:00:00",6478.76,22.22,TRADE
NSW1,"2015/08/24 02:30:00",6224.37,22.63,TRADE
NSW1,"2015/08/24 03:00:00",6032.22,20.49,TRADE
NSW1,"2015/08/24 03:30:00",5916.11,18.9,TRADE
NSW1,"2015/08/24 04:00:00",5888.39,20.58,TRADE
NSW1,"2015/08/24 04:30:00",5913.18,22.24,TRADE
NSW1,"2015/08/24 05:00:00",5991.74,25.65,TRADE
NSW1,"2015/08/24 05:30:00",6233.67,24.59,TRADE
NSW1,"2015/08/24 06:00:00",6587.78,18.98,TRADE
NSW1,"2015/08/24 06:30:00",7283.21,16.12,TRADE
NSW1,"2015/08/24 07:00:00",7903.36,25.41,TRADE
NSW1,"2015/08/24 07:30:00",8254.59,31.29,TRADE
NSW1,"2015/08/24 08:00:00",8584.07,35.57,TRADE
NSW1,"2015/08/24 08:30:00",8736.07,36.05,TRADE
NSW1,"2015/08/24 09:00:00",8731.85,36.01,TRADE
NSW1,"2015/08/24 09:30:00",8834.35,36.06,TRADE
NSW1,"2015/08/24 10:00:00",8864.1,34.09,TRADE
NSW1,"2015/08/24 10:30:00",8819.02,34.15,TRADE
NSW1,"2015/08/24 11:00:00",8803.2,34.99,TRADE
NSW1,"2015/08/24 11:30:00",8725.11,34.87,TRADE
NSW1,"2015/08/24 12:00:00",8744.53,34.93,TRADE
NSW1,"2015/08/24 12:30:00",8799.23,35.17,TRADE
NSW1,"2015/08/24 13:00:00",8852.53,34.99,TRADE
NSW1,"2015/08/24 13:30:00",8822.2,35.69,TRADE
NSW1,"2015/08/24 14:00:00",8769.51,34.56,TRADE
NSW1,"2015/08/24 14:30:00",8758.79,33.99,TRADE
NSW1,"2015/08/24 15:00:00",8593.47,32.15,TRADE
NSW1,"2015/08/24 15:30:00",8596.25,31.72,TRADE
NSW1,"2015/08/24 16:00:00",8714.62,32.14,TRADE
NSW1,"2015/08/24 16:30:00",8874.08,35.01,TRADE
NSW1,"2015/08/24 17:00:00",9142.13,36.03,TRADE
NSW1,"2015/08/24 17:30:00",9451.75,36.93,TRADE
NSW1,"2015/08/24 18:00:00",9930.05,37.46,TRADE
NSW1,"2015/08/24 18:30:00",9944.97,36.35,TRADE
NSW1,"2015/08/24 19:00:00",9808.47,36.05,TRADE
NSW1,"2015/08/24 19:30:00",9493.19,35.57,TRADE
NSW1,"2015/08/24 20:00:00",9282.3,35.92,TRADE
NSW1,"2015/08/24 20:30:00",8991.4,33.87,TRADE
NSW1,"2015/08/24 21:00:00",8750.59,31.68,TRADE
NSW1,"2015/08/24 21:30:00",8514.63,31.08,TRADE
NSW1,"2015/08/24 22:00:00",8197.26,30.61,TRADE
NSW1,"2015/08/24 22:30:00",8181.97,32.83,TRADE
NSW1,"2015/08/24 23:00:00",7968,32.1,TRADE
NSW1,"2015/08/24 23:30:00",7849.81,32.36,TRADE
NSW1,"2015/08/25 00:00:00",7826.22,32.64,TRADE
NSW1,"2015/08/25 00:30:00",7595.49,30.48,TRADE
NSW1,"2015/08/25 01:00:00",7427.08,28.4,TRADE
NSW1,"2015/08/25 01:30:00",7248.95,29.07,TRADE
NSW1,"2015/08/25 02:00:00",6988.76,24.47,TRADE
NSW1,"2015/08/25 02:30:00",6657.09,19.01,TRADE
NSW1,"2015/08/25 03:00:00",6420.73,18.99,TRADE
NSW1,"2015/08/25 03:30:00",6163.76,18.83,TRADE
NSW1,"2015/08/25 04:00:00",6061.82,16.87,TRADE
NSW1,"2015/08/25 04:30:00",6063.44,18.39,TRADE
NSW1,"2015/08/25 05:00:00",6142.67,18.4,TRADE
NSW1,"2015/08/25 05:30:00",6439.12,18.89,TRADE
NSW1,"2015/08/25 06:00:00",6824.17,19.37,TRADE
NSW1,"2015/08/25 06:30:00",7571.88,21.16,TRADE
NSW1,"2015/08/25 07:00:00",8225.07,28.5,TRADE
NSW1,"2015/08/25 07:30:00",8575.43,30.85,TRADE
NSW1,"2015/08/25 08:00:00",8864.7,34.65,TRADE
NSW1,"2015/08/25 08:30:00",8907.34,34.19,TRADE
NSW1,"2015/08/25 09:00:00",8781.91,34.67,TRADE
NSW1,"2015/08/25 09:30:00",8732.61,35.09,TRADE
NSW1,"2015/08/25 10:00:00",8626.53,33.63,TRADE
NSW1,"2015/08/25 10:30:00",8569.86,34,TRADE
NSW1,"2015/08/25 11:00:00",8670.62,35.12,TRADE
NSW1,"2015/08/25 11:30:00",8498.52,31.78,TRADE
NSW1,"2015/08/25 12:00:00",8387.6,31.97,TRADE
NSW1,"2015/08/25 12:30:00",8371.68,31.97,TRADE
NSW1,"2015/08/25 13:00:00",8419.09,32.22,TRADE
NSW1,"2015/08/25 13:30:00",8405.26,31.95,TRADE
NSW1,"2015/08/25 14:00:00",8383.46,32.03,TRADE
NSW1,"2015/08/25 14:30:00",8361.78,32.33,TRADE
NSW1,"2015/08/25 15:00:00",8365.55,32.51,TRADE
NSW1,"2015/08/25 15:30:00",8306.88,32.12,TRADE
NSW1,"2015/08/25 16:00:00",8436.36,32.67,TRADE
NSW1,"2015/08/25 16:30:00",8622.29,33.61,TRADE
NSW1,"2015/08/25 17:00:00",8862.18,36.4,TRADE
NSW1,"2015/08/25 17:30:00",9162.44,38.03,TRADE
NSW1,"2015/08/25 18:00:00",9756,45.21,TRADE
NSW1,"2015/08/25 18:30:00",9985.16,44.68,TRADE
NSW1,"2015/08/25 19:00:00",9890.95,41.3,TRADE
NSW1,"2015/08/25 19:30:00",9603.11,37.09,TRADE
NSW1,"2015/08/25 20:00:00",9446.47,37.52,TRADE
NSW1,"2015/08/25 20:30:00",9247.85,37.52,TRADE
NSW1,"2015/08/25 21:00:00",8970.07,36.51,TRADE
NSW1,"2015/08/25 21:30:00",8687.21,34.05,TRADE
NSW1,"2015/08/25 22:00:00",8369.52,32.2,TRADE
NSW1,"2015/08/25 22:30:00",8319.83,34.7,TRADE
NSW1,"2015/08/25 23:00:00",8100.32,31.65,TRADE
NSW1,"2015/08/25 23:30:00",7964.61,31.4,TRADE
NSW1,"2015/08/26 00:00:00",7930.35,32.04,TRADE
NSW1,"2015/08/26 00:30:00",7684.99,32.22,TRADE
NSW1,"2015/08/26 01:00:00",7529.15,33.42,TRADE
NSW1,"2015/08/26 01:30:00",7381.6,30.79,TRADE
NSW1,"2015/08/26 02:00:00",7138.5,32.03,TRADE
NSW1,"2015/08/26 02:30:00",6788.43,32.54,TRADE
NSW1,"2015/08/26 03:00:00",6477.9,31.91,TRADE
NSW1,"2015/08/26 03:30:00",6268.85,29.12,TRADE
NSW1,"2015/08/26 04:00:00",6168.38,28.5,TRADE
NSW1,"2015/08/26 04:30:00",6187.86,28.88,TRADE
NSW1,"2015/08/26 05:00:00",6247.48,30.19,TRADE
NSW1,"2015/08/26 05:30:00",6579.8,29.36,TRADE
NSW1,"2015/08/26 06:00:00",6921.11,22.54,TRADE
NSW1,"2015/08/26 06:30:00",7704.45,27.12,TRADE
NSW1,"2015/08/26 07:00:00",8304.65,35.56,TRADE
NSW1,"2015/08/26 07:30:00",8650.12,36.68,TRADE
NSW1,"2015/08/26 08:00:00",8891.18,37.66,TRADE
NSW1,"2015/08/26 08:30:00",8891.51,37.42,TRADE
NSW1,"2015/08/26 09:00:00",8759.49,37.3,TRADE
NSW1,"2015/08/26 09:30:00",8723.88,37.03,TRADE
NSW1,"2015/08/26 10:00:00",8627.82,34.87,TRADE
NSW1,"2015/08/26 10:30:00",8521.2,36.59,TRADE
NSW1,"2015/08/26 11:00:00",8464.04,35.73,TRADE
NSW1,"2015/08/26 11:30:00",8328.37,36.05,TRADE
NSW1,"2015/08/26 12:00:00",8281.29,35.77,TRADE
NSW1,"2015/08/26 12:30:00",8196.68,35.78,TRADE
NSW1,"2015/08/26 13:00:00",8181.15,35.8,TRADE
NSW1,"2015/08/26 13:30:00",8136.51,36.11,TRADE
NSW1,"2015/08/26 14:00:00",8151.33,37.65,TRADE
NSW1,"2015/08/26 14:30:00",8117.09,36.09,TRADE
NSW1,"2015/08/26 15:00:00",8069.81,33.05,TRADE
NSW1,"2015/08/26 15:30:00",8117.32,35.18,TRADE
NSW1,"2015/08/26 16:00:00",8291.87,36.13,TRADE
NSW1,"2015/08/26 16:30:00",8439.43,36.25,TRADE
NSW1,"2015/08/26 17:00:00",8688.14,38.57,TRADE
NSW1,"2015/08/26 17:30:00",9052.02,40.35,TRADE
NSW1,"2015/08/26 18:00:00",9534,44.18,TRADE
NSW1,"2015/08/26 18:30:00",9785.41,59.64,TRADE
NSW1,"2015/08/26 19:00:00",9737.7,49.56,TRADE
NSW1,"2015/08/26 19:30:00",9489.66,40.03,TRADE
NSW1,"2015/08/26 20:00:00",9263.52,41.79,TRADE
NSW1,"2015/08/26 20:30:00",9105.3,40.64,TRADE
NSW1,"2015/08/26 21:00:00",8874.59,36.87,TRADE
NSW1,"2015/08/26 21:30:00",8627.65,36.97,TRADE
NSW1,"2015/08/26 22:00:00",8309.84,35.94,TRADE
NSW1,"2015/08/26 22:30:00",8321.06,48.03,TRADE
NSW1,"2015/08/26 23:00:00",8069.15,36.35,TRADE
NSW1,"2015/08/26 23:30:00",8002.16,36.22,TRADE
NSW1,"2015/08/27 00:00:00",7915.08,36.72,TRADE
NSW1,"2015/08/27 00:30:00",7716.81,38.97,TRADE
NSW1,"2015/08/27 01:00:00",7516.73,38.39,TRADE
NSW1,"2015/08/27 01:30:00",7369.87,37.58,TRADE
NSW1,"2015/08/27 02:00:00",7170.13,36.65,TRADE
NSW1,"2015/08/27 02:30:00",6814.47,36.19,TRADE
NSW1,"2015/08/27 03:00:00",6583.46,32.69,TRADE
NSW1,"2015/08/27 03:30:00",6415.44,31.87,TRADE
NSW1,"2015/08/27 04:00:00",6282.74,31.65,TRADE
NSW1,"2015/08/27 04:30:00",6289.38,31.96,TRADE
NSW1,"2015/08/27 05:00:00",6391.32,32.04,TRADE
NSW1,"2015/08/27 05:30:00",6682.52,34.58,TRADE
NSW1,"2015/08/27 06:00:00",7090.85,31.33,TRADE
NSW1,"2015/08/27 06:30:00",7850.27,38.03,TRADE
NSW1,"2015/08/27 07:00:00",8453.43,38.66,TRADE
NSW1,"2015/08/27 07:30:00",8790.87,39.68,TRADE
NSW1,"2015/08/27 08:00:00",9004.91,40.43,TRADE
NSW1,"2015/08/27 08:30:00",8963.68,43.1,TRADE
NSW1,"2015/08/27 09:00:00",8874.97,40.04,TRADE
NSW1,"2015/08/27 09:30:00",8852.65,40.64,TRADE
NSW1,"2015/08/27 10:00:00",8810.74,39.23,TRADE
NSW1,"2015/08/27 10:30:00",8814.38,39.3,TRADE
NSW1,"2015/08/27 11:00:00",8692.37,40.43,TRADE
NSW1,"2015/08/27 11:30:00",8499.7,39.12,TRADE
NSW1,"2015/08/27 12:00:00",8431.18,41.05,TRADE
NSW1,"2015/08/27 12:30:00",8431.75,38.53,TRADE
NSW1,"2015/08/27 13:00:00",8313.2,37.55,TRADE
NSW1,"2015/08/27 13:30:00",8267.41,37.5,TRADE
NSW1,"2015/08/27 14:00:00",8281.88,40.92,TRADE
NSW1,"2015/08/27 14:30:00",8310.85,39.04,TRADE
NSW1,"2015/08/27 15:00:00",8232.59,37.12,TRADE
NSW1,"2015/08/27 15:30:00",8192.67,36.96,TRADE
NSW1,"2015/08/27 16:00:00",8259.33,38.66,TRADE
NSW1,"2015/08/27 16:30:00",8401.98,38.17,TRADE
NSW1,"2015/08/27 17:00:00",8591.11,38.23,TRADE
NSW1,"2015/08/27 17:30:00",8937.05,40.8,TRADE
NSW1,"2015/08/27 18:00:00",9531.18,50.07,TRADE
NSW1,"2015/08/27 18:30:00",9831.94,55.62,TRADE
NSW1,"2015/08/27 19:00:00",9869.91,52.32,TRADE
NSW1,"2015/08/27 19:30:00",9725.54,43.21,TRADE
NSW1,"2015/08/27 20:00:00",9496.73,41.78,TRADE
NSW1,"2015/08/27 20:30:00",9350.6,39.1,TRADE
NSW1,"2015/08/27 21:00:00",9111.51,41.89,TRADE
NSW1,"2015/08/27 21:30:00",8849.55,37.61,TRADE
NSW1,"2015/08/27 22:00:00",8548.14,35.99,TRADE
NSW1,"2015/08/27 22:30:00",8510.77,38.64,TRADE
NSW1,"2015/08/27 23:00:00",8318.43,37.15,TRADE
NSW1,"2015/08/27 23:30:00",8214.43,35.7,TRADE
NSW1,"2015/08/28 00:00:00",8118.99,36.34,TRADE
NSW1,"2015/08/28 00:30:00",7968.49,36.6,TRADE
NSW1,"2015/08/28 01:00:00",7716.66,37.9,TRADE
NSW1,"2015/08/28 01:30:00",7515.81,35.14,TRADE
NSW1,"2015/08/28 02:00:00",7326.46,33.78,TRADE
NSW1,"2015/08/28 02:30:00",7011.28,33.07,TRADE
NSW1,"2015/08/28 03:00:00",6694.59,31.65,TRADE
NSW1,"2015/08/28 03:30:00",6476.63,31.45,TRADE
NSW1,"2015/08/28 04:00:00",6364.11,28.78,TRADE
NSW1,"2015/08/28 04:30:00",6324.37,26.52,TRADE
NSW1,"2015/08/28 05:00:00",6357.79,30.06,TRADE
NSW1,"2015/08/28 05:30:00",6706.63,32.14,TRADE
NSW1,"2015/08/28 06:00:00",7177.32,30.25,TRADE
NSW1,"2015/08/28 06:30:00",7933.8,35.36,TRADE
NSW1,"2015/08/28 07:00:00",8656.75,38.75,TRADE
NSW1,"2015/08/28 07:30:00",8901.11,42.07,TRADE
NSW1,"2015/08/28 08:00:00",9109.66,43.71,TRADE
NSW1,"2015/08/28 08:30:00",9064.29,44.45,TRADE
NSW1,"2015/08/28 09:00:00",8844.76,42.81,TRADE
NSW1,"2015/08/28 09:30:00",8696.95,39.26,TRADE
NSW1,"2015/08/28 10:00:00",8613.38,39.93,TRADE
NSW1,"2015/08/28 10:30:00",8557.61,38.59,TRADE
NSW1,"2015/08/28 11:00:00",8445.34,36.2,TRADE
NSW1,"2015/08/28 11:30:00",8216.81,37.37,TRADE
NSW1,"2015/08/28 12:00:00",8128.8,37.45,TRADE
NSW1,"2015/08/28 12:30:00",8097.79,35.77,TRADE
NSW1,"2015/08/28 13:00:00",8049.04,37.5,TRADE
NSW1,"2015/08/28 13:30:00",7989.17,37.52,TRADE
NSW1,"2015/08/28 14:00:00",7966.86,37.51,TRADE
NSW1,"2015/08/28 14:30:00",7942.44,37.47,TRADE
NSW1,"2015/08/28 15:00:00",7940.97,37.43,TRADE
NSW1,"2015/08/28 15:30:00",7965.5,37.37,TRADE
NSW1,"2015/08/28 16:00:00",8053.76,37.46,TRADE
NSW1,"2015/08/28 16:30:00",8264.41,37.39,TRADE
NSW1,"2015/08/28 17:00:00",8515.24,40.3,TRADE
NSW1,"2015/08/28 17:30:00",8864.57,39.42,TRADE
NSW1,"2015/08/28 18:00:00",9332.15,41.31,TRADE
NSW1,"2015/08/28 18:30:00",9545.85,44.56,TRADE
NSW1,"2015/08/28 19:00:00",9539.99,43.17,TRADE
NSW1,"2015/08/28 19:30:00",9371.78,41.33,TRADE
NSW1,"2015/08/28 20:00:00",9173.23,43.06,TRADE
NSW1,"2015/08/28 20:30:00",9016.68,43.47,TRADE
NSW1,"2015/08/28 21:00:00",8881.53,40.41,TRADE
NSW1,"2015/08/28 21:30:00",8726.73,40.29,TRADE
NSW1,"2015/08/28 22:00:00",8491.35,38.17,TRADE
NSW1,"2015/08/28 22:30:00",8560.65,42.98,TRADE
NSW1,"2015/08/28 23:00:00",8320.14,39.01,TRADE
NSW1,"2015/08/28 23:30:00",8205.5,38.58,TRADE
NSW1,"2015/08/29 00:00:00",8132.35,39.1,TRADE
NSW1,"2015/08/29 00:30:00",7962.96,41.17,TRADE
NSW1,"2015/08/29 01:00:00",7765.27,39.22,TRADE
NSW1,"2015/08/29 01:30:00",7559.9,37.45,TRADE
NSW1,"2015/08/29 02:00:00",7293.97,35.92,TRADE
NSW1,"2015/08/29 02:30:00",6859.44,33.5,TRADE
NSW1,"2015/08/29 03:00:00",6610.69,34.1,TRADE
NSW1,"2015/08/29 03:30:00",6441.03,33.01,TRADE
NSW1,"2015/08/29 04:00:00",6279.37,30.2,TRADE
NSW1,"2015/08/29 04:30:00",6246.12,32.64,TRADE
NSW1,"2015/08/29 05:00:00",6246.88,33.12,TRADE
NSW1,"2015/08/29 05:30:00",6272.61,32.97,TRADE
NSW1,"2015/08/29 06:00:00",6482.71,28.96,TRADE
NSW1,"2015/08/29 06:30:00",6775.48,25.03,TRADE
NSW1,"2015/08/29 07:00:00",7062.34,27.52,TRADE
NSW1,"2015/08/29 07:30:00",7453.03,34.66,TRADE
NSW1,"2015/08/29 08:00:00",7738.78,36.77,TRADE
NSW1,"2015/08/29 08:30:00",8020.52,42.41,TRADE
NSW1,"2015/08/29 09:00:00",8039.16,42.38,TRADE
NSW1,"2015/08/29 09:30:00",8052.75,41.2,TRADE
NSW1,"2015/08/29 10:00:00",7839.26,40.98,TRADE
NSW1,"2015/08/29 10:30:00",7715.58,36.04,TRADE
NSW1,"2015/08/29 11:00:00",7550.39,36.03,TRADE
NSW1,"2015/08/29 11:30:00",7340.52,35.96,TRADE
NSW1,"2015/08/29 12:00:00",7179.99,35.8,TRADE
NSW1,"2015/08/29 12:30:00",7060.34,35.82,TRADE
NSW1,"2015/08/29 13:00:00",6977.6,33.53,TRADE
NSW1,"2015/08/29 13:30:00",6952.8,33.48,TRADE
NSW1,"2015/08/29 14:00:00",6874.58,34.42,TRADE
NSW1,"2015/08/29 14:30:00",6889.73,34.86,TRADE
NSW1,"2015/08/29 15:00:00",6931.2,34.07,TRADE
NSW1,"2015/08/29 15:30:00",6972.41,33.75,TRADE
NSW1,"2015/08/29 16:00:00",7135.55,35.69,TRADE
NSW1,"2015/08/29 16:30:00",7281.5,36.68,TRADE
NSW1,"2015/08/29 17:00:00",7506.02,37.12,TRADE
NSW1,"2015/08/29 17:30:00",7797.8,36.78,TRADE
NSW1,"2015/08/29 18:00:00",8460.85,45.44,TRADE
NSW1,"2015/08/29 18:30:00",8924.3,46.93,TRADE
NSW1,"2015/08/29 19:00:00",8993.25,43.14,TRADE
NSW1,"2015/08/29 19:30:00",8774.77,38.72,TRADE
NSW1,"2015/08/29 20:00:00",8602.74,37.57,TRADE
NSW1,"2015/08/29 20:30:00",8593.3,39.22,TRADE
NSW1,"2015/08/29 21:00:00",8561.75,42.37,TRADE
NSW1,"2015/08/29 21:30:00",8432.05,38.57,TRADE
NSW1,"2015/08/29 22:00:00",8277.46,37.42,TRADE
NSW1,"2015/08/29 22:30:00",8235.63,37.86,TRADE
NSW1,"2015/08/29 23:00:00",8065.85,37.86,TRADE
NSW1,"2015/08/29 23:30:00",7958.22,37.97,TRADE
NSW1,"2015/08/30 00:00:00",7825.86,38.24,TRADE
NSW1,"2015/08/30 00:30:00",7574.61,41.62,TRADE
NSW1,"2015/08/30 01:00:00",7328.12,37.4,TRADE
NSW1,"2015/08/30 01:30:00",7172.49,36.88,TRADE
NSW1,"2015/08/30 02:00:00",6960.11,35.46,TRADE
NSW1,"2015/08/30 02:30:00",6623.86,32.43,TRADE
NSW1,"2015/08/30 03:00:00",6468.9,32.22,TRADE
NSW1,"2015/08/30 03:30:00",6306.02,32.29,TRADE
NSW1,"2015/08/30 04:00:00",6221.31,31.82,TRADE
NSW1,"2015/08/30 04:30:00",6167.9,29.89,TRADE
NSW1,"2015/08/30 05:00:00",6194.37,31.2,TRADE
NSW1,"2015/08/30 05:30:00",6268.05,33.4,TRADE
NSW1,"2015/08/30 06:00:00",6341.11,31.23,TRADE
NSW1,"2015/08/30 06:30:00",6562.95,25.78,TRADE
NSW1,"2015/08/30 07:00:00",6874.66,26.76,TRADE
NSW1,"2015/08/30 07:30:00",7179.15,31.44,TRADE
NSW1,"2015/08/30 08:00:00",7515.12,36.84,TRADE
NSW1,"2015/08/30 08:30:00",7778.78,37.38,TRADE
NSW1,"2015/08/30 09:00:00",7937.46,37.52,TRADE
NSW1,"2015/08/30 09:30:00",7912.66,37.37,TRADE
NSW1,"2015/08/30 10:00:00",7862.39,37.49,TRADE
NSW1,"2015/08/30 10:30:00",7705.49,37.23,TRADE
NSW1,"2015/08/30 11:00:00",7482.05,36.36,TRADE
NSW1,"2015/08/30 11:30:00",7329.41,34.92,TRADE
NSW1,"2015/08/30 12:00:00",7236.98,32.57,TRADE
NSW1,"2015/08/30 12:30:00",7128.36,32.08,TRADE
NSW1,"2015/08/30 13:00:00",7040.28,31.9,TRADE
NSW1,"2015/08/30 13:30:00",6986.31,31.69,TRADE
NSW1,"2015/08/30 14:00:00",6980.68,31.95,TRADE
NSW1,"2015/08/30 14:30:00",6975.37,35.18,TRADE
NSW1,"2015/08/30 15:00:00",6972.5,36.7,TRADE
NSW1,"2015/08/30 15:30:00",7124.34,37.41,TRADE
NSW1,"2015/08/30 16:00:00",7306.03,36.4,TRADE
NSW1,"2015/08/30 16:30:00",7571.57,37.26,TRADE
NSW1,"2015/08/30 17:00:00",7889.31,38.23,TRADE
NSW1,"2015/08/30 17:30:00",8225.19,39.79,TRADE
NSW1,"2015/08/30 18:00:00",8932.07,49.74,TRADE
NSW1,"2015/08/30 18:30:00",9459.63,144.22,TRADE
NSW1,"2015/08/30 19:00:00",9559.85,99.68,TRADE
NSW1,"2015/08/30 19:30:00",9363.91,43.15,TRADE
NSW1,"2015/08/30 20:00:00",9135.81,41.36,TRADE
NSW1,"2015/08/30 20:30:00",9015.54,40.88,TRADE
NSW1,"2015/08/30 21:00:00",8830.36,38.18,TRADE
NSW1,"2015/08/30 21:30:00",8638.7,37.51,TRADE
NSW1,"2015/08/30 22:00:00",8357.73,37.25,TRADE
NSW1,"2015/08/30 22:30:00",8192.26,40.31,TRADE
NSW1,"2015/08/30 23:00:00",7860.38,37.01,TRADE
NSW1,"2015/08/30 23:30:00",7727.78,37.49,TRADE
NSW1,"2015/08/31 00:00:00",7559.62,39.2,TRADE
NSW1,"2015/08/31 00:30:00",7338.31,38.25,TRADE
NSW1,"2015/08/31 01:00:00",7191.25,37.51,TRADE
NSW1,"2015/08/31 01:30:00",7046.59,34.3,TRADE
NSW1,"2015/08/31 02:00:00",6878.5,35.17,TRADE
NSW1,"2015/08/31 02:30:00",6628.08,37.35,TRADE
NSW1,"2015/08/31 03:00:00",6485.32,38.39,TRADE
NSW1,"2015/08/31 03:30:00",6375.38,31.45,TRADE
NSW1,"2015/08/31 04:00:00",6314.8,34.92,TRADE
NSW1,"2015/08/31 04:30:00",6379.63,30.17,TRADE
NSW1,"2015/08/31 05:00:00",6487.38,35.27,TRADE
NSW1,"2015/08/31 05:30:00",6810.31,37.84,TRADE
NSW1,"2015/08/31 06:00:00",7283.61,38.88,TRADE
NSW1,"2015/08/31 06:30:00",8085.37,35.62,TRADE
NSW1,"2015/08/31 07:00:00",8761.6,46.94,TRADE
NSW1,"2015/08/31 07:30:00",9014.31,59.64,TRADE
NSW1,"2015/08/31 08:00:00",9244.89,78.99,TRADE
NSW1,"2015/08/31 08:30:00",9133.84,46.98,TRADE
NSW1,"2015/08/31 09:00:00",8878.7,40.39,TRADE
NSW1,"2015/08/31 09:30:00",8736.45,37.51,TRADE
NSW1,"2015/08/31 10:00:00",8602.57,37.5,TRADE
NSW1,"2015/08/31 10:30:00",8515.17,38.25,TRADE
NSW1,"2015/08/31 11:00:00",8376.02,38.45,TRADE
NSW1,"2015/08/31 11:30:00",8210.61,37.52,TRADE
NSW1,"2015/08/31 12:00:00",8081.99,37.52,TRADE
NSW1,"2015/08/31 12:30:00",8070.46,37.52,TRADE
NSW1,"2015/08/31 13:00:00",8056.2,37.51,TRADE
NSW1,"2015/08/31 13:30:00",7997.78,37.26,TRADE
NSW1,"2015/08/31 14:00:00",8018.5,37.52,TRADE
NSW1,"2015/08/31 14:30:00",8021.62,37.68,TRADE
NSW1,"2015/08/31 15:00:00",8008.5,37.52,TRADE
NSW1,"2015/08/31 15:30:00",8018.74,37.71,TRADE
NSW1,"2015/08/31 16:00:00",8161.82,37.93,TRADE
NSW1,"2015/08/31 16:30:00",8343.52,37.24,TRADE
NSW1,"2015/08/31 17:00:00",8569.91,37.8,TRADE
NSW1,"2015/08/31 17:30:00",8910.27,36,TRADE
NSW1,"2015/08/31 18:00:00",9535.95,42.44,TRADE
NSW1,"2015/08/31 18:30:00",9963.12,130.29,TRADE
NSW1,"2015/08/31 19:00:00",10001.86,64.76,TRADE
NSW1,"2015/08/31 19:30:00",9860.97,42.3,TRADE
NSW1,"2015/08/31 20:00:00",9656.38,46.65,TRADE
NSW1,"2015/08/31 20:30:00",9490.6,44.06,TRADE
NSW1,"2015/08/31 21:00:00",9243.13,38.69,TRADE
NSW1,"2015/08/31 21:30:00",8980.44,37.66,TRADE
NSW1,"2015/08/31 22:00:00",8663.28,37.49,TRADE
NSW1,"2015/08/31 22:30:00",8575.36,37.52,TRADE
NSW1,"2015/08/31 23:00:00",8314.15,37.44,TRADE
NSW1,"2015/08/31 23:30:00",8214.21,37.57,TRADE
NSW1,"2015/09/01 00:00:00",8205.82,36.9,TRADE
